"DateObject[{2009, 1, 1, 0, 0, 0}, ""Instant"", ""Gregorian"", 1.]",1.001029300507199
"DateObject[{2009, 1, 8, 0, 0, 0}, ""Instant"", ""Gregorian"", 1.]",1.0009982458560933
"DateObject[{2009, 1, 15, 0, 0, 0}, ""Instant"", ""Gregorian"", 1.]",1.0009553159035407
"DateObject[{2009, 1, 22, 0, 0, 0}, ""Instant"", ""Gregorian"", 1.]",1.000901012042977
"DateObject[{2009, 1, 29, 0, 0, 0}, ""Instant"", ""Gregorian"", 1.]",1.0008359685075565
"DateObject[{2009, 2, 5, 0, 0, 0}, ""Instant"", ""Gregorian"", 1.]",1.0007609449627284
"DateObject[{2009, 2, 12, 0, 0, 0}, ""Instant"", ""Gregorian"", 1.]",1.0006768176338467
"DateObject[{2009, 2, 19, 0, 0, 0}, ""Instant"", ""Gregorian"", 1.]",1.0005845690724395
"DateObject[{2009, 2, 26, 0, 0, 0}, ""Instant"", ""Gregorian"", 1.]",1.0004852766806551
"DateObject[{2009, 3, 5, 0, 0, 0}, ""Instant"", ""Gregorian"", 1.]",1.0003801001279202
"DateObject[{2009, 3, 12, 0, 0, 0}, ""Instant"", ""Gregorian"", 1.]",1.0002702678067668
"DateObject[{2009, 3, 19, 0, 0, 0}, ""Instant"", ""Gregorian"", 1.]",1.000157062486021
"DateObject[{2009, 3, 26, 0, 0, 0}, ""Instant"", ""Gregorian"", 1.]",1.0000418063289118
"DateObject[{2009, 4, 2, 0, 0, 0}, ""Instant"", ""Gregorian"", 1.]",0.9999258454510803
"DateObject[{2009, 4, 9, 0, 0, 0}, ""Instant"", ""Gregorian"", 1.]",0.9998105341988388
"DateObject[{2009, 4, 16, 0, 0, 0}, ""Instant"", ""Gregorian"", 1.]",0.9996972193313026
"DateObject[{2009, 4, 23, 0, 0, 0}, ""Instant"", ""Gregorian"", 1.]",0.999587224291135
"DateObject[{2009, 4, 30, 0, 0, 0}, ""Instant"", ""Gregorian"", 1.]",0.9994818337476123
"DateObject[{2009, 5, 7, 0, 0, 0}, ""Instant"", ""Gregorian"", 1.]",0.9993822785925378
"DateObject[{2009, 5, 14, 0, 0, 0}, ""Instant"", ""Gregorian"", 1.]",0.9992897215642389
"DateObject[{2009, 5, 21, 0, 0, 0}, ""Instant"", ""Gregorian"", 1.]",0.9992052436675537
"DateObject[{2009, 5, 28, 0, 0, 0}, ""Instant"", ""Gregorian"", 1.]",0.9991298315484095
"DateObject[{2009, 6, 4, 0, 0, 0}, ""Instant"", ""Gregorian"", 1.]",0.9990643659704518
"DateObject[{2009, 6, 11, 0, 0, 0}, ""Instant"", ""Gregorian"", 1.]",0.9990096115283071
"DateObject[{2009, 6, 18, 0, 0, 0}, ""Instant"", ""Gregorian"", 1.]",0.9989662077176245
"DateObject[{2009, 6, 25, 0, 0, 0}, ""Instant"", ""Gregorian"", 1.]",0.9989346614661886
"DateObject[{2009, 7, 2, 0, 0, 0}, ""Instant"", ""Gregorian"", 1.]",0.9989153412133397
"DateObject[{2009, 7, 9, 0, 0, 0}, ""Instant"", ""Gregorian"", 1.]",0.9989084726068452
"DateObject[{2009, 7, 16, 0, 0, 0}, ""Instant"", ""Gregorian"", 1.]",0.9989141358674836
"DateObject[{2009, 7, 23, 0, 0, 0}, ""Instant"", ""Gregorian"", 1.]",0.9989322648521183
"DateObject[{2009, 7, 30, 0, 0, 0}, ""Instant"", ""Gregorian"", 1.]",0.9989626478262063
"DateObject[{2009, 8, 6, 0, 0, 0}, ""Instant"", ""Gregorian"", 1.]",0.9990049299367171
"DateObject[{2009, 8, 13, 0, 0, 0}, ""Instant"", ""Gregorian"", 1.]",0.9990586173565814
"DateObject[{2009, 8, 20, 0, 0, 0}, ""Instant"", ""Gregorian"", 1.]",0.9991230830522644
"DateObject[{2009, 8, 27, 0, 0, 0}, ""Instant"", ""Gregorian"", 1.]",0.9991975741071027
"DateObject[{2009, 9, 3, 0, 0, 0}, ""Instant"", ""Gregorian"", 1.]",0.9992812205148728
"DateObject[{2009, 9, 10, 0, 0, 0}, ""Instant"", ""Gregorian"", 1.]",0.9993730453408872
"DateObject[{2009, 9, 17, 0, 0, 0}, ""Instant"", ""Gregorian"", 1.]",0.9994719761319462
"DateObject[{2009, 9, 24, 0, 0, 0}, ""Instant"", ""Gregorian"", 1.]",0.9995768574418805
"DateObject[{2009, 10, 1, 0, 0, 0}, ""Instant"", ""Gregorian"", 1.]",0.9996864643263986
"DateObject[{2009, 10, 8, 0, 0, 0}, ""Instant"", ""Gregorian"", 1.]",0.9997995166496253
"DateObject[{2009, 10, 15, 0, 0, 0}, ""Instant"", ""Gregorian"", 1.]",0.9999146940352409
"DateObject[{2009, 10, 22, 0, 0, 0}, ""Instant"", ""Gregorian"", 1.]",1.0000306512876036
"DateObject[{2009, 10, 29, 0, 0, 0}, ""Instant"", ""Gregorian"", 1.]",1.000146034102744
"DateObject[{2009, 11, 5, 0, 0, 0}, ""Instant"", ""Gregorian"", 1.]",1.0002594948857395
"DateObject[{2009, 11, 12, 0, 0, 0}, ""Instant"", ""Gregorian"", 1.]",1.0003697084897312
"DateObject[{2009, 11, 19, 0, 0, 0}, ""Instant"", ""Gregorian"", 1.]",1.000475387692761
"DateObject[{2009, 11, 26, 0, 0, 0}, ""Instant"", ""Gregorian"", 1.]",1.000575298231675
"DateObject[{2009, 12, 3, 0, 0, 0}, ""Instant"", ""Gregorian"", 1.]",1.0006682732174963
"DateObject[{2009, 12, 10, 0, 0, 0}, ""Instant"", ""Gregorian"", 1.]",1.0007532267639205
"DateObject[{2009, 12, 17, 0, 0, 0}, ""Instant"", ""Gregorian"", 1.]",1.000829166669746
"DateObject[{2009, 12, 24, 0, 0, 0}, ""Instant"", ""Gregorian"", 1.]",1.0008952060071277
"DateObject[{2009, 12, 31, 0, 0, 0}, ""Instant"", ""Gregorian"", 1.]",1.0009505734803088
"DateObject[{2010, 1, 7, 0, 0, 0}, ""Instant"", ""Gregorian"", 1.]",1.000994622433844
"DateObject[{2010, 1, 14, 0, 0, 0}, ""Instant"", ""Gregorian"", 1.]",1.0010268384051066
"DateObject[{2010, 1, 21, 0, 0, 0}, ""Instant"", ""Gregorian"", 1.]",1.0010468451328718
"DateObject[{2010, 1, 28, 0, 0, 0}, ""Instant"", ""Gregorian"", 1.]",1.0010544089517999
"DateObject[{2010, 2, 4, 0, 0, 0}, ""Instant"", ""Gregorian"", 1.]",1.001049441521491
"DateObject[{2010, 2, 11, 0, 0, 0}, ""Instant"", ""Gregorian"", 1.]",1.001032000858244
"DateObject[{2010, 2, 18, 0, 0, 0}, ""Instant"", ""Gregorian"", 1.]",1.0010022906574638
"DateObject[{2010, 2, 25, 0, 0, 0}, ""Instant"", ""Gregorian"", 1.]",1.0009606579146335
"DateObject[{2010, 3, 4, 0, 0, 0}, ""Instant"", ""Gregorian"", 1.]",1.000907588872638
"DateObject[{2010, 3, 11, 0, 0, 0}, ""Instant"", ""Gregorian"", 1.]",1.0008437033427675
"DateObject[{2010, 3, 18, 0, 0, 0}, ""Instant"", ""Gregorian"", 1.]",1.0007697474657329
"DateObject[{2010, 3, 25, 0, 0, 0}, ""Instant"", ""Gregorian"", 1.]",1.000686584997235
"DateObject[{2010, 4, 1, 0, 0, 0}, ""Instant"", ""Gregorian"", 1.]",1.0005951872198708
"DateObject[{2010, 4, 8, 0, 0, 0}, ""Instant"", ""Gregorian"", 1.]",1.0004966215991948
"DateObject[{2010, 4, 15, 0, 0, 0}, ""Instant"", ""Gregorian"", 1.]",1.0003920393164272
"DateObject[{2010, 4, 22, 0, 0, 0}, ""Instant"", ""Gregorian"", 1.]",1.0002826618234204
"DateObject[{2010, 4, 29, 0, 0, 0}, ""Instant"", ""Gregorian"", 1.]",1.000169766576909
"DateObject[{2010, 5, 6, 0, 0, 0}, ""Instant"", ""Gregorian"", 1.]",1.00005467211866
"DateObject[{2010, 5, 13, 0, 0, 0}, ""Instant"", ""Gregorian"", 1.]",0.9999387226757788
"DateObject[{2010, 5, 20, 0, 0, 0}, ""Instant"", ""Gregorian"", 1.]",0.9998232724610249
"DateObject[{2010, 5, 27, 0, 0, 0}, ""Instant"", ""Gregorian"", 1.]",0.9997096698565039
"DateObject[{2010, 6, 3, 0, 0, 0}, ""Instant"", ""Gregorian"", 1.]",0.9995992416654567
"DateObject[{2010, 6, 10, 0, 0, 0}, ""Instant"", ""Gregorian"", 1.]",0.9994932776160753
"DateObject[{2010, 6, 17, 0, 0, 0}, ""Instant"", ""Gregorian"", 1.]",0.9993930152983316
"DateObject[{2010, 6, 24, 0, 0, 0}, ""Instant"", ""Gregorian"", 1.]",0.9992996257097453
"DateObject[{2010, 7, 1, 0, 0, 0}, ""Instant"", ""Gregorian"", 1.]",0.9992141995789073
"DateObject[{2010, 7, 8, 0, 0, 0}, ""Instant"", ""Gregorian"", 1.]",0.9991377346264928
"DateObject[{2010, 7, 15, 0, 0, 0}, ""Instant"", ""Gregorian"", 1.]",0.9990711239125428
"DateObject[{2010, 7, 22, 0, 0, 0}, ""Instant"", ""Gregorian"", 1.]",0.9990151454061147
"DateObject[{2010, 7, 29, 0, 0, 0}, ""Instant"", ""Gregorian"", 1.]",0.9989704528991178
"DateObject[{2010, 8, 5, 0, 0, 0}, ""Instant"", ""Gregorian"", 1.]",0.9989375683704572
"DateObject[{2010, 8, 12, 0, 0, 0}, ""Instant"", ""Gregorian"", 1.]",0.9989168758896656
"DateObject[{2010, 8, 19, 0, 0, 0}, ""Instant"", ""Gregorian"", 1.]",0.9989086171312245
"DateObject[{2010, 8, 26, 0, 0, 0}, ""Instant"", ""Gregorian"", 1.]",0.9989128885519671
"DateObject[{2010, 9, 2, 0, 0, 0}, ""Instant"", ""Gregorian"", 1.]",0.9989296402645259
"DateObject[{2010, 9, 9, 0, 0, 0}, ""Instant"", ""Gregorian"", 1.]",0.998958676619984
"DateObject[{2010, 9, 16, 0, 0, 0}, ""Instant"", ""Gregorian"", 1.]",0.9989996584929256
"DateObject[{2010, 9, 23, 0, 0, 0}, ""Instant"", ""Gregorian"", 1.]",0.9990521072421956
"DateObject[{2010, 9, 30, 0, 0, 0}, ""Instant"", ""Gregorian"", 1.]",0.9991154103011123
"DateObject[{2010, 10, 7, 0, 0, 0}, ""Instant"", ""Gregorian"", 1.]",0.99918882833184
"DateObject[{2010, 10, 14, 0, 0, 0}, ""Instant"", ""Gregorian"", 1.]",0.9992715038603666
"DateObject[{2010, 10, 21, 0, 0, 0}, ""Instant"", ""Gregorian"", 1.]",0.9993624712912319
"DateObject[{2010, 10, 28, 0, 0, 0}, ""Instant"", ""Gregorian"", 1.]",0.999460668185044
"DateObject[{2010, 11, 4, 0, 0, 0}, ""Instant"", ""Gregorian"", 1.]",0.999564947667068
"DateObject[{2010, 11, 11, 0, 0, 0}, ""Instant"", ""Gregorian"", 1.]",0.999674091821964
"DateObject[{2010, 11, 18, 0, 0, 0}, ""Instant"", ""Gregorian"", 1.]",0.9997868259182323
"DateObject[{2010, 11, 25, 0, 0, 0}, ""Instant"", ""Gregorian"", 1.]",0.9999018332962337
"DateObject[{2010, 12, 2, 0, 0, 0}, ""Instant"", ""Gregorian"", 1.]",1.0000177707459028
"DateObject[{2010, 12, 9, 0, 0, 0}, ""Instant"", ""Gregorian"", 1.]",1.0001332841945527
"DateObject[{2010, 12, 16, 0, 0, 0}, ""Instant"", ""Gregorian"", 1.]",1.0002470245215478
"DateObject[{2010, 12, 23, 0, 0, 0}, ""Instant"", ""Gregorian"", 1.]",1.0003576633151399
"DateObject[{2010, 12, 30, 0, 0, 0}, ""Instant"", ""Gregorian"", 1.]",1.0004639083874387
"DateObject[{2011, 1, 6, 0, 0, 0}, ""Instant"", ""Gregorian"", 1.]",1.0005645188663101
"DateObject[{2011, 1, 13, 0, 0, 0}, ""Instant"", ""Gregorian"", 1.]",1.0006583196879437
"DateObject[{2011, 1, 20, 0, 0, 0}, ""Instant"", ""Gregorian"", 1.]",1.000744215320818
"DateObject[{2011, 1, 27, 0, 0, 0}, ""Instant"", ""Gregorian"", 1.]",1.0008212025607848
"DateObject[{2011, 2, 3, 0, 0, 0}, ""Instant"", ""Gregorian"", 1.]",1.0008883822478305
"DateObject[{2011, 2, 10, 0, 0, 0}, ""Instant"", ""Gregorian"", 1.]",1.0009449697676684
"DateObject[{2011, 2, 17, 0, 0, 0}, ""Instant"", ""Gregorian"", 1.]",1.0009903042155155
"DateObject[{2011, 2, 24, 0, 0, 0}, ""Instant"", ""Gregorian"", 1.]",1.0010238561150224
"DateObject[{2011, 3, 3, 0, 0, 0}, ""Instant"", ""Gregorian"", 1.]",1.0010452336022067
"DateObject[{2011, 3, 10, 0, 0, 0}, ""Instant"", ""Gregorian"", 1.]",1.0010541870021652
"DateObject[{2011, 3, 17, 0, 0, 0}, ""Instant"", ""Gregorian"", 1.]",1.0010506117451117
"DateObject[{2011, 3, 24, 0, 0, 0}, ""Instant"", ""Gregorian"", 1.]",1.0010345495876827
"DateObject[{2011, 3, 31, 0, 0, 0}, ""Instant"", ""Gregorian"", 1.]",1.0010061881252472
"DateObject[{2011, 4, 7, 0, 0, 0}, ""Instant"", ""Gregorian"", 1.]",1.0009658586009174
"DateObject[{2011, 4, 14, 0, 0, 0}, ""Instant"", ""Gregorian"", 1.]",1.0009140320368481
"DateObject[{2011, 4, 21, 0, 0, 0}, ""Instant"", ""Gregorian"", 1.]",1.00085131373301
"DateObject[{2011, 4, 28, 0, 0, 0}, ""Instant"", ""Gregorian"", 1.]",1.0007784361976857
"DateObject[{2011, 5, 5, 0, 0, 0}, ""Instant"", ""Gregorian"", 1.]",1.0006962505922594
"DateObject[{2011, 5, 12, 0, 0, 0}, ""Instant"", ""Gregorian"", 1.]",1.0006057167902134
"DateObject[{2011, 5, 19, 0, 0, 0}, ""Instant"", ""Gregorian"", 1.]",1.0005078921664419
"DateObject[{2011, 5, 26, 0, 0, 0}, ""Instant"", ""Gregorian"", 1.]",1.0004039192478122
"DateObject[{2011, 6, 2, 0, 0, 0}, ""Instant"", ""Gregorian"", 1.]",1.000295012369207
"DateObject[{2011, 6, 9, 0, 0, 0}, ""Instant"", ""Gregorian"", 1.]",1.0001824434908955
"DateObject[{2011, 6, 16, 0, 0, 0}, ""Instant"", ""Gregorian"", 1.]",1.0000675273428803
"DateObject[{2011, 6, 23, 0, 0, 0}, ""Instant"", ""Gregorian"", 1.]",0.9999516060697212
"DateObject[{2011, 6, 30, 0, 0, 0}, ""Instant"", ""Gregorian"", 1.]",0.9998360335551744
"DateObject[{2011, 7, 7, 0, 0, 0}, ""Instant"", ""Gregorian"", 1.]",0.9997221596097258
"DateObject[{2011, 7, 14, 0, 0, 0}, ""Instant"", ""Gregorian"", 1.]",0.9996113142056988
"DateObject[{2011, 7, 21, 0, 0, 0}, ""Instant"", ""Gregorian"", 1.]",0.999504791944057
"DateObject[{2011, 7, 28, 0, 0, 0}, ""Instant"", ""Gregorian"", 1.]",0.999403836934322
"DateObject[{2011, 8, 4, 0, 0, 0}, ""Instant"", ""Gregorian"", 1.]",0.9993096282641974
"DateObject[{2011, 8, 11, 0, 0, 0}, ""Instant"", ""Gregorian"", 1.]",0.9992232662286051
"DateObject[{2011, 8, 18, 0, 0, 0}, ""Instant"", ""Gregorian"", 1.]",0.9991457594789677
"DateObject[{2011, 8, 25, 0, 0, 0}, ""Instant"", ""Gregorian"", 1.]",0.9990780132428285
"DateObject[{2011, 9, 1, 0, 0, 0}, ""Instant"", ""Gregorian"", 1.]",0.9990208187513927
"DateObject[{2011, 9, 8, 0, 0, 0}, ""Instant"", ""Gregorian"", 1.]",0.9989748439984698
"DateObject[{2011, 9, 15, 0, 0, 0}, ""Instant"", ""Gregorian"", 1.]",0.9989406259387488
"DateObject[{2011, 9, 22, 0, 0, 0}, ""Instant"", ""Gregorian"", 1.]",0.9989185642165225
"DateObject[{2011, 9, 29, 0, 0, 0}, ""Instant"", ""Gregorian"", 1.]",0.9989089164981063
"DateObject[{2011, 10, 6, 0, 0, 0}, ""Instant"", ""Gregorian"", 1.]",0.9989117954624668
"DateObject[{2011, 10, 13, 0, 0, 0}, ""Instant"", ""Gregorian"", 1.]",0.9989271674852054
"DateObject[{2011, 10, 20, 0, 0, 0}, ""Instant"", ""Gregorian"", 1.]",0.9989548530312695
"DateObject[{2011, 10, 27, 0, 0, 0}, ""Instant"", ""Gregorian"", 1.]",0.9989945287518027
"DateObject[{2011, 11, 3, 0, 0, 0}, ""Instant"", ""Gregorian"", 1.]",0.999045731260646
"DateObject[{2011, 11, 10, 0, 0, 0}, ""Instant"", ""Gregorian"", 1.]",0.9991078625463807
"DateObject[{2011, 11, 17, 0, 0, 0}, ""Instant"", ""Gregorian"", 1.]",0.999180196956707
"DateObject[{2011, 11, 24, 0, 0, 0}, ""Instant"", ""Gregorian"", 1.]",0.9992618896735816
"DateObject[{2011, 12, 1, 0, 0, 0}, ""Instant"", ""Gregorian"", 1.]",0.9993519865801342
"DateObject[{2011, 12, 8, 0, 0, 0}, ""Instant"", ""Gregorian"", 1.]",0.9994494354041206
"DateObject[{2011, 12, 15, 0, 0, 0}, ""Instant"", ""Gregorian"", 1.]",0.9995530980077663
"DateObject[{2011, 12, 22, 0, 0, 0}, ""Instant"", ""Gregorian"", 1.]",0.9996617636804628
"DateObject[{2011, 12, 29, 0, 0, 0}, ""Instant"", ""Gregorian"", 1.]",0.9997741632790658
"DateObject[{2012, 1, 5, 0, 0, 0}, ""Instant"", ""Gregorian"", 1.]",0.9998889840506475
"DateObject[{2012, 1, 12, 0, 0, 0}, ""Instant"", ""Gregorian"", 1.]",1.000004884964582
"DateObject[{2012, 1, 19, 0, 0, 0}, ""Instant"", ""Gregorian"", 1.]",1.0001205123748955
"DateObject[{2012, 1, 26, 0, 0, 0}, ""Instant"", ""Gregorian"", 1.]",1.0002345158299557
"DateObject[{2012, 2, 2, 0, 0, 0}, ""Instant"", ""Gregorian"", 1.]",1.0003455638448528
"DateObject[{2012, 2, 9, 0, 0, 0}, ""Instant"", ""Gregorian"", 1.]",1.000452359452262
"DateObject[{2012, 2, 16, 0, 0, 0}, ""Instant"", ""Gregorian"", 1.]",1.0005536553501642
"DateObject[{2012, 2, 23, 0, 0, 0}, ""Instant"", ""Gregorian"", 1.]",1.0006482684695075
"DateObject[{2012, 3, 1, 0, 0, 0}, ""Instant"", ""Gregorian"", 1.]",1.0007350937916715
"DateObject[{2012, 3, 8, 0, 0, 0}, ""Instant"", ""Gregorian"", 1.]",1.000813117254352
"DateObject[{2012, 3, 15, 0, 0, 0}, ""Instant"", ""Gregorian"", 1.]",1.0008814275951396
"DateObject[{2012, 3, 22, 0, 0, 0}, ""Instant"", ""Gregorian"", 1.]",1.0009392269944606
"DateObject[{2012, 3, 29, 0, 0, 0}, ""Instant"", ""Gregorian"", 1.]",1.0009858403935812
"DateObject[{2012, 4, 5, 0, 0, 0}, ""Instant"", ""Gregorian"", 1.]",1.0010207233788477
"DateObject[{2012, 4, 12, 0, 0, 0}, ""Instant"", ""Gregorian"", 1.]",1.0010434685400769
"DateObject[{2012, 4, 19, 0, 0, 0}, ""Instant"", ""Gregorian"", 1.]",1.0010538102288382
"DateObject[{2012, 4, 26, 0, 0, 0}, ""Instant"", ""Gregorian"", 1.]",1.0010516276610504
"DateObject[{2012, 5, 3, 0, 0, 0}, ""Instant"", ""Gregorian"", 1.]",1.0010369463276614
"DateObject[{2012, 5, 10, 0, 0, 0}, ""Instant"", ""Gregorian"", 1.]",1.0010099376969288
"DateObject[{2012, 5, 17, 0, 0, 0}, ""Instant"", ""Gregorian"", 1.]",1.0009709172117862
"DateObject[{2012, 5, 24, 0, 0, 0}, ""Instant"", ""Gregorian"", 1.]",1.0009203406056768
"DateObject[{2012, 5, 31, 0, 0, 0}, ""Instant"", ""Gregorian"", 1.]",1.0008587985798896
"DateObject[{2012, 6, 7, 0, 0, 0}, ""Instant"", ""Gregorian"", 1.]",1.0007870099045582
"DateObject[{2012, 6, 14, 0, 0, 0}, ""Instant"", ""Gregorian"", 1.]",1.0007058130239022
"DateObject[{2012, 6, 21, 0, 0, 0}, ""Instant"", ""Gregorian"", 1.]",1.000616156263753
"DateObject[{2012, 6, 28, 0, 0, 0}, ""Instant"", ""Gregorian"", 1.]",1.0005190867557363
"DateObject[{2012, 7, 5, 0, 0, 0}, ""Instant"", ""Gregorian"", 1.]",1.0004157382074668
"DateObject[{2012, 7, 12, 0, 0, 0}, ""Instant"", ""Gregorian"", 1.]",1.0003073176615944
"DateObject[{2012, 7, 19, 0, 0, 0}, ""Instant"", ""Gregorian"", 1.]",1.000195091398344
"DateObject[{2012, 7, 26, 0, 0, 0}, ""Instant"", ""Gregorian"", 1.]",1.0000803701462013
"DateObject[{2012, 8, 2, 0, 0, 0}, ""Instant"", ""Gregorian"", 1.]",0.9999644937734709
"DateObject[{2012, 8, 9, 0, 0, 0}, ""Instant"", ""Gregorian"", 1.]",0.9998488156395017
"DateObject[{2012, 8, 16, 0, 0, 0}, ""Instant"", ""Gregorian"", 1.]",0.9997346867883448
"DateObject[{2012, 8, 23, 0, 0, 0}, ""Instant"", ""Gregorian"", 1.]",0.9996234401694534
"DateObject[{2012, 8, 30, 0, 0, 0}, ""Instant"", ""Gregorian"", 1.]",0.9995163750697155
"DateObject[{2012, 9, 6, 0, 0, 0}, ""Instant"", ""Gregorian"", 1.]",0.9994147419386421
"DateObject[{2012, 9, 13, 0, 0, 0}, ""Instant"", ""Gregorian"", 1.]",0.9993197277839455
"DateObject[{2012, 9, 20, 0, 0, 0}, ""Instant"", ""Gregorian"", 1.]",0.9992324423080738
"DateObject[{2012, 9, 27, 0, 0, 0}, ""Instant"", ""Gregorian"", 1.]",0.9991539049476216
"DateObject[{2012, 10, 4, 0, 0, 0}, ""Instant"", ""Gregorian"", 1.]",0.9990850329669843
"DateObject[{2012, 10, 11, 0, 0, 0}, ""Instant"", ""Gregorian"", 1.]",0.9990266307453176
"DateObject[{2012, 10, 18, 0, 0, 0}, ""Instant"", ""Gregorian"", 1.]",0.9989793803819211
"DateObject[{2012, 10, 25, 0, 0, 0}, ""Instant"", ""Gregorian"", 1.]",0.99894383372977
"DateObject[{2012, 11, 1, 0, 0, 0}, ""Instant"", ""Gregorian"", 1.]",0.9989204059502372
"DateObject[{2012, 11, 8, 0, 0, 0}, ""Instant"", ""Gregorian"", 1.]",0.9989093706642836
"DateObject[{2012, 11, 15, 0, 0, 0}, ""Instant"", ""Gregorian"", 1.]",0.9989108567567463
"DateObject[{2012, 11, 22, 0, 0, 0}, ""Instant"", ""Gregorian"", 1.]",0.9989248468710487
"DateObject[{2012, 11, 29, 0, 0, 0}, ""Instant"", ""Gregorian"", 1.]",0.9989511776119142
"DateObject[{2012, 12, 6, 0, 0, 0}, ""Instant"", ""Gregorian"", 1.]",0.9989895414537145
"DateObject[{2012, 12, 13, 0, 0, 0}, ""Instant"", ""Gregorian"", 1.]",0.9990394903321662
"DateObject[{2012, 12, 20, 0, 0, 0}, ""Instant"", ""Gregorian"", 1.]",0.9991004408774238
"DateObject[{2012, 12, 27, 0, 0, 0}, ""Instant"", ""Gregorian"", 1.]",0.9991716812274547
"DateObject[{2013, 1, 3, 0, 0, 0}, ""Instant"", ""Gregorian"", 1.]",0.9992523793421163
"DateObject[{2013, 1, 10, 0, 0, 0}, ""Instant"", ""Gregorian"", 1.]",0.9993415927208334
"DateObject[{2013, 1, 17, 0, 0, 0}, ""Instant"", ""Gregorian"", 1.]",0.9994382794103825
"DateObject[{2013, 1, 24, 0, 0, 0}, ""Instant"", ""Gregorian"", 1.]",0.9995413101742151
"DateObject[{2013, 1, 31, 0, 0, 0}, ""Instant"", ""Gregorian"", 1.]",0.9996494816811933
"DateObject[{2013, 2, 7, 0, 0, 0}, ""Instant"", ""Gregorian"", 1.]",0.9997615305597015
"DateObject[{2013, 2, 14, 0, 0, 0}, ""Instant"", ""Gregorian"", 1.]",0.9998761481529906
"DateObject[{2013, 2, 21, 0, 0, 0}, ""Instant"", ""Gregorian"", 1.]",0.9999919958034225
"DateObject[{2013, 2, 28, 0, 0, 0}, ""Instant"", ""Gregorian"", 1.]",1.000107720487106
"DateObject[{2013, 3, 7, 0, 0, 0}, ""Instant"", ""Gregorian"", 1.]",1.0002219706163202
"DateObject[{2013, 3, 14, 0, 0, 0}, ""Instant"", ""Gregorian"", 1.]",1.000333411825164
"DateObject[{2013, 3, 21, 0, 0, 0}, ""Instant"", ""Gregorian"", 1.]",1.0004407425540682
"DateObject[{2013, 3, 28, 0, 0, 0}, ""Instant"", ""Gregorian"", 1.]",1.0005427092511485
"DateObject[{2013, 4, 4, 0, 0, 0}, ""Instant"", ""Gregorian"", 1.]",1.0006381210128625
"DateObject[{2013, 4, 11, 0, 0, 0}, ""Instant"", ""Gregorian"", 1.]",1.000725863492975
"DateObject[{2013, 4, 18, 0, 0, 0}, ""Instant"", ""Gregorian"", 1.]",1.0008049119173847
"DateObject[{2013, 4, 25, 0, 0, 0}, ""Instant"", ""Gregorian"", 1.]",1.0008743430528073
"DateObject[{2013, 5, 2, 0, 0, 0}, ""Instant"", ""Gregorian"", 1.]",1.000933345989529
"DateObject[{2013, 5, 9, 0, 0, 0}, ""Instant"", ""Gregorian"", 1.]",1.0009812316122964
"DateObject[{2013, 5, 16, 0, 0, 0}, ""Instant"", ""Gregorian"", 1.]",1.0010174406487247
"DateObject[{2013, 5, 23, 0, 0, 0}, ""Instant"", ""Gregorian"", 1.]",1.0010415502012313
"DateObject[{2013, 5, 30, 0, 0, 0}, ""Instant"", ""Gregorian"", 1.]",1.0010532786861979
"DateObject[{2013, 6, 6, 0, 0, 0}, ""Instant"", ""Gregorian"", 1.]",1.001052489122682
"DateObject[{2013, 6, 13, 0, 0, 0}, ""Instant"", ""Gregorian"", 1.]",1.0010391907322629
"DateObject[{2013, 6, 20, 0, 0, 0}, ""Instant"", ""Gregorian"", 1.]",1.00101353883134
"DateObject[{2013, 6, 27, 0, 0, 0}, ""Instant"", ""Gregorian"", 1.]",1.00097583301714
"DateObject[{2013, 7, 4, 0, 0, 0}, ""Instant"", ""Gregorian"", 1.]",1.0009265136686203
"DateObject[{2013, 7, 11, 0, 0, 0}, ""Instant"", ""Gregorian"", 1.]",1.0008661568031325
"DateObject[{2013, 7, 18, 0, 0, 0}, ""Instant"", ""Gregorian"", 1.]",1.0007954673489226
"DateObject[{2013, 7, 25, 0, 0, 0}, ""Instant"", ""Gregorian"", 1.]",1.0007152709120348
"DateObject[{2013, 8, 1, 0, 0, 0}, ""Instant"", ""Gregorian"", 1.]",1.0006265041337798
"DateObject[{2013, 8, 8, 0, 0, 0}, ""Instant"", ""Gregorian"", 1.]",1.0005302037513832
"DateObject[{2013, 8, 15, 0, 0, 0}, ""Instant"", ""Gregorian"", 1.]",1.000427494489582
"DateObject[{2013, 8, 22, 0, 0, 0}, ""Instant"", ""Gregorian"", 1.]",1.0003195759245822
"DateObject[{2013, 8, 29, 0, 0, 0}, ""Instant"", ""Gregorian"", 1.]",1.0002077084738052
"DateObject[{2013, 9, 5, 0, 0, 0}, ""Instant"", ""Gregorian"", 1.]",1.0000931986750445
"DateObject[{2013, 9, 12, 0, 0, 0}, ""Instant"", ""Gregorian"", 1.]",0.9999773839269689
"DateObject[{2013, 9, 19, 0, 0, 0}, ""Instant"", ""Gregorian"", 1.]",0.9998616168691918
"DateObject[{2013, 9, 26, 0, 0, 0}, ""Instant"", ""Gregorian"", 1.]",0.999747249584336
"DateObject[{2013, 10, 3, 0, 0, 0}, ""Instant"", ""Gregorian"", 1.]",0.9996356178066025
"DateObject[{2013, 10, 10, 0, 0, 0}, ""Instant"", ""Gregorian"", 1.]",0.9995280253212793
"DateObject[{2013, 10, 17, 0, 0, 0}, ""Instant"", ""Gregorian"", 1.]",0.9994257287373923
"DateObject[{2013, 10, 24, 0, 0, 0}, ""Instant"", ""Gregorian"", 1.]",0.9993299228113436
"DateObject[{2013, 10, 31, 0, 0, 0}, ""Instant"", ""Gregorian"", 1.]",0.9992417264929466
"DateObject[{2013, 11, 7, 0, 0, 0}, ""Instant"", ""Gregorian"", 1.]",0.9991621698568339
"DateObject[{2013, 11, 14, 0, 0, 0}, ""Instant"", ""Gregorian"", 1.]",0.999092182071866
"DateObject[{2013, 11, 21, 0, 0, 0}, ""Instant"", ""Gregorian"", 1.]",0.999032580549055
"DateObject[{2013, 11, 28, 0, 0, 0}, ""Instant"", ""Gregorian"", 1.]",0.9989840613947439
"DateObject[{2013, 12, 5, 0, 0, 0}, ""Instant"", ""Gregorian"", 1.]",0.9989471912805462
"DateObject[{2013, 12, 12, 0, 0, 0}, ""Instant"", ""Gregorian"", 1.]",0.9989224008249957
"DateObject[{2013, 12, 19, 0, 0, 0}, ""Instant"", ""Gregorian"", 1.]",0.9989099795642075
"DateObject[{2013, 12, 26, 0, 0, 0}, ""Instant"", ""Gregorian"", 1.]",0.9989100725702873
"DateObject[{2014, 1, 2, 0, 0, 0}, ""Instant"", ""Gregorian"", 1.]",0.9989226787569857
"DateObject[{2014, 1, 9, 0, 0, 0}, ""Instant"", ""Gregorian"", 1.]",0.9989476508923847
"DateObject[{2014, 1, 16, 0, 0, 0}, ""Instant"", ""Gregorian"", 1.]",0.9989846973184688
"DateObject[{2014, 1, 23, 0, 0, 0}, ""Instant"", ""Gregorian"", 1.]",0.999033385357498
"DateObject[{2014, 1, 30, 0, 0, 0}, ""Instant"", ""Gregorian"", 1.]",0.9990931463653971
"DateObject[{2014, 2, 6, 0, 0, 0}, ""Instant"", ""Gregorian"", 1.]",0.9991632823731428
"DateObject[{2014, 2, 13, 0, 0, 0}, ""Instant"", ""Gregorian"", 1.]",0.999242974238579
"DateObject[{2014, 2, 20, 0, 0, 0}, ""Instant"", ""Gregorian"", 1.]",0.9993312912134562
"DateObject[{2014, 2, 27, 0, 0, 0}, ""Instant"", ""Gregorian"", 1.]",0.9994272018139542
"DateObject[{2014, 3, 6, 0, 0, 0}, ""Instant"", ""Gregorian"", 1.]",0.999529585867731
"DateObject[{2014, 3, 13, 0, 0, 0}, ""Instant"", ""Gregorian"", 1.]",0.9996372475967943
"DateObject[{2014, 3, 20, 0, 0, 0}, ""Instant"", ""Gregorian"", 1.]",0.999748929583397
"DateObject[{2014, 3, 27, 0, 0, 0}, ""Instant"", ""Gregorian"", 1.]",0.9998633274558446
"DateObject[{2014, 4, 3, 0, 0, 0}, ""Instant"", ""Gregorian"", 1.]",0.9999791051226934
"DateObject[{2014, 4, 10, 0, 0, 0}, ""Instant"", ""Gregorian"", 1.]",1.000094910377414
"DateObject[{2014, 4, 17, 0, 0, 0}, ""Instant"", ""Gregorian"", 1.]",1.0002093906912686
"DateObject[{2014, 4, 24, 0, 0, 0}, ""Instant"", ""Gregorian"", 1.]",1.0003212090099527
"DateObject[{2014, 5, 1, 0, 0, 0}, ""Instant"", ""Gregorian"", 1.]",1.000429059369503
"DateObject[{2014, 5, 8, 0, 0, 0}, ""Instant"", ""Gregorian"", 1.]",1.0005316821490935
"DateObject[{2014, 5, 15, 0, 0, 0}, ""Instant"", ""Gregorian"", 1.]",1.0006278787825722
"DateObject[{2014, 5, 22, 0, 0, 0}, ""Instant"", ""Gregorian"", 1.]",1.000716525756921
"DateObject[{2014, 5, 29, 0, 0, 0}, ""Instant"", ""Gregorian"", 1.]",1.000796587734145
"DateObject[{2014, 6, 5, 0, 0, 0}, ""Instant"", ""Gregorian"", 1.]",1.0008671296433327
"DateObject[{2014, 6, 12, 0, 0, 0}, ""Instant"", ""Gregorian"", 1.]",1.000927327601669
"DateObject[{2014, 6, 19, 0, 0, 0}, ""Instant"", ""Gregorian"", 1.]",1.0009764785368378
"DateObject[{2014, 6, 26, 0, 0, 0}, ""Instant"", ""Gregorian"", 1.]",1.0010140083984438
"DateObject[{2014, 7, 3, 0, 0, 0}, ""Instant"", ""Gregorian"", 1.]",1.0010394788625396
"DateObject[{2014, 7, 10, 0, 0, 0}, ""Instant"", ""Gregorian"", 1.]",1.001052592450961
"DateObject[{2014, 7, 17, 0, 0, 0}, ""Instant"", ""Gregorian"", 1.]",1.0010531960056732
"DateObject[{2014, 7, 24, 0, 0, 0}, ""Instant"", ""Gregorian"", 1.]",1.0010412824775565
"DateObject[{2014, 7, 31, 0, 0, 0}, ""Instant"", ""Gregorian"", 1.]",1.0010169910087354
"DateObject[{2014, 8, 7, 0, 0, 0}, ""Instant"", ""Gregorian"", 1.]",1.00098060530749
"DateObject[{2014, 8, 14, 0, 0, 0}, ""Instant"", ""Gregorian"", 1.]",1.0009325503347313
"DateObject[{2014, 8, 21, 0, 0, 0}, ""Instant"", ""Gregorian"", 1.]",1.0008733873407396
"DateObject[{2014, 8, 28, 0, 0, 0}, ""Instant"", ""Gregorian"", 1.]",1.0008038073101315
"DateObject[{2014, 9, 4, 0, 0, 0}, ""Instant"", ""Gregorian"", 1.]",1.000724622891618
"DateObject[{2014, 9, 11, 0, 0, 0}, ""Instant"", ""Gregorian"", 1.]",1.0006367589068046
"DateObject[{2014, 9, 18, 0, 0, 0}, ""Instant"", ""Gregorian"", 1.]",1.000541241548887
"DateObject[{2014, 9, 25, 0, 0, 0}, ""Instant"", ""Gregorian"", 1.]",1.0004391863973943
"DateObject[{2014, 10, 2, 0, 0, 0}, ""Instant"", ""Gregorian"", 1.]",1.0003317853889577
"DateObject[{2014, 10, 9, 0, 0, 0}, ""Instant"", ""Gregorian"", 1.]",1.00022029289628
"DateObject[{2014, 10, 16, 0, 0, 0}, ""Instant"", ""Gregorian"", 1.]",1.0001060110778919
"DateObject[{2014, 10, 23, 0, 0, 0}, ""Instant"", ""Gregorian"", 1.]",0.9999902746698028
"DateObject[{2014, 10, 30, 0, 0, 0}, ""Instant"", ""Gregorian"", 1.]",0.999874435396667
"DateObject[{2014, 11, 6, 0, 0, 0}, ""Instant"", ""Gregorian"", 1.]",0.9997598461845343
"DateObject[{2014, 11, 13, 0, 0, 0}, ""Instant"", ""Gregorian"", 1.]",0.9996478453595697
"DateObject[{2014, 11, 20, 0, 0, 0}, ""Instant"", ""Gregorian"", 1.]",0.9995397410172888
"DateObject[{2014, 11, 27, 0, 0, 0}, ""Instant"", ""Gregorian"", 1.]",0.999436795744868
"DateObject[{2014, 12, 4, 0, 0, 0}, ""Instant"", ""Gregorian"", 1.]",0.999340211874962
"DateObject[{2014, 12, 11, 0, 0, 0}, ""Instant"", ""Gregorian"", 1.]",0.9992511174432541
"DateObject[{2014, 12, 18, 0, 0, 0}, ""Instant"", ""Gregorian"", 1.]",0.9991705530137454
"DateObject[{2014, 12, 25, 0, 0, 0}, ""Instant"", ""Gregorian"", 1.]",0.9990994595256566
"DateObject[{2015, 1, 1, 0, 0, 0}, ""Instant"", ""Gregorian"", 1.]",0.9990386673038804
"DateObject[{2015, 1, 8, 0, 0, 0}, ""Instant"", ""Gregorian"", 1.]",0.998988886361336
"DateObject[{2015, 1, 15, 0, 0, 0}, ""Instant"", ""Gregorian"", 1.]",0.9989506981064882
"DateObject[{2015, 1, 22, 0, 0, 0}, ""Instant"", ""Gregorian"", 1.]",0.9989245485528814
"DateObject[{2015, 1, 29, 0, 0, 0}, ""Instant"", ""Gregorian"", 1.]",0.9989107431099964
"DateObject[{2015, 2, 5, 0, 0, 0}, ""Instant"", ""Gregorian"", 1.]",0.9989094430162699
"DateObject[{2015, 2, 12, 0, 0, 0}, ""Instant"", ""Gregorian"", 1.]",0.9989206634559366
"DateObject[{2015, 2, 19, 0, 0, 0}, ""Instant"", ""Gregorian"", 1.]",0.9989442733816861
"DateObject[{2015, 2, 26, 0, 0, 0}, ""Instant"", ""Gregorian"", 1.]",0.9989799970452106
"DateObject[{2015, 3, 5, 0, 0, 0}, ""Instant"", ""Gregorian"", 1.]",0.9990274172177612
"DateObject[{2015, 3, 12, 0, 0, 0}, ""Instant"", ""Gregorian"", 1.]",0.9990859800631045
"DateObject[{2015, 3, 19, 0, 0, 0}, ""Instant"", ""Gregorian"", 1.]",0.9991550016059624
"DateObject[{2015, 3, 26, 0, 0, 0}, ""Instant"", ""Gregorian"", 1.]",0.9992336757203916
"DateObject[{2015, 4, 2, 0, 0, 0}, ""Instant"", ""Gregorian"", 1.]",0.9993210835448005
"DateObject[{2015, 4, 9, 0, 0, 0}, ""Instant"", ""Gregorian"", 1.]",0.9994162042136451
"DateObject[{2015, 4, 16, 0, 0, 0}, ""Instant"", ""Gregorian"", 1.]",0.9995179267804619
"DateObject[{2015, 4, 23, 0, 0, 0}, ""Instant"", ""Gregorian"", 1.]",0.9996250631929887
"DateObject[{2015, 4, 30, 0, 0, 0}, ""Instant"", ""Gregorian"", 1.]",0.999736362168828
"DateObject[{2015, 5, 7, 0, 0, 0}, ""Instant"", ""Gregorian"", 1.]",0.9998505238095976
"DateObject[{2015, 5, 14, 0, 0, 0}, ""Instant"", ""Gregorian"", 1.]",0.9999662147828832
"DateObject[{2015, 5, 21, 0, 0, 0}, ""Instant"", ""Gregorian"", 1.]",1.000082083894679
"DateObject[{2015, 5, 28, 0, 0, 0}, ""Instant"", ""Gregorian"", 1.]",1.000196777870439
"DateObject[{2015, 6, 4, 0, 0, 0}, ""Instant"", ""Gregorian"", 1.]",1.0003089571604287
"DateObject[{2015, 6, 11, 0, 0, 0}, ""Instant"", ""Gregorian"", 1.]",1.0004173115847792
"DateObject[{2015, 6, 18, 0, 0, 0}, ""Instant"", ""Gregorian"", 1.]",1.0005205756355209
"DateObject[{2015, 6, 25, 0, 0, 0}, ""Instant"", ""Gregorian"", 1.]",1.0006175432568791
"DateObject[{2015, 7, 2, 0, 0, 0}, ""Instant"", ""Gregorian"", 1.]",1.000707081931208
"DateObject[{2015, 7, 9, 0, 0, 0}, ""Instant"", ""Gregorian"", 1.]",1.0007881459060461
"DateObject[{2015, 7, 16, 0, 0, 0}, ""Instant"", ""Gregorian"", 1.]",1.000859788407814
"DateObject[{2015, 7, 23, 0, 0, 0}, ""Instant"", ""Gregorian"", 1.]",1.0009211726995029
"DateObject[{2015, 7, 30, 0, 0, 0}, ""Instant"", ""Gregorian"", 1.]",1.0009715818532083
"DateObject[{2015, 8, 6, 0, 0, 0}, ""Instant"", ""Gregorian"", 1.]",1.0010104271233753
"DateObject[{2015, 8, 13, 0, 0, 0}, ""Instant"", ""Gregorian"", 1.]",1.0010372548229551
"DateObject[{2015, 8, 20, 0, 0, 0}, ""Instant"", ""Gregorian"", 1.]",1.0010517516221706
"DateObject[{2015, 8, 27, 0, 0, 0}, ""Instant"", ""Gregorian"", 1.]",1.0010537482080009
"DateObject[{2015, 9, 3, 0, 0, 0}, ""Instant"", ""Gregorian"", 1.]",1.0010432212616445
"DateObject[{2015, 9, 10, 0, 0, 0}, ""Instant"", ""Gregorian"", 1.]",1.0010202937308685
"DateObject[{2015, 9, 17, 0, 0, 0}, ""Instant"", ""Gregorian"", 1.]",1.0009852333940594
"DateObject[{2015, 9, 24, 0, 0, 0}, ""Instant"", ""Gregorian"", 1.]",1.000938449732749
"DateObject[{2015, 10, 1, 0, 0, 0}, ""Instant"", ""Gregorian"", 1.]",1.0008804891491405
"DateObject[{2015, 10, 8, 0, 0, 0}, ""Instant"", ""Gregorian"", 1.]",1.0008120285844937
"DateObject[{2015, 10, 15, 0, 0, 0}, ""Instant"", ""Gregorian"", 1.]",1.0007338676128972
"DateObject[{2015, 10, 22, 0, 0, 0}, ""Instant"", ""Gregorian"", 1.]",1.0006469191027743
"DateObject[{2015, 10, 29, 0, 0, 0}, ""Instant"", ""Gregorian"", 1.]",1.0005521985551822
"DateObject[{2015, 11, 5, 0, 0, 0}, ""Instant"", ""Gregorian"", 1.]",1.0004508122434326
"DateObject[{2015, 11, 12, 0, 0, 0}, ""Instant"", ""Gregorian"", 1.]",1.0003439442925512
"DateObject[{2015, 11, 19, 0, 0, 0}, ""Instant"", ""Gregorian"", 1.]",1.000232842849481
"DateObject[{2015, 11, 26, 0, 0, 0}, ""Instant"", ""Gregorian"", 1.]",1.0001188055055528
"DateObject[{2015, 12, 3, 0, 0, 0}, ""Instant"", ""Gregorian"", 1.]",1.0000031641414753
"DateObject[{2015, 12, 10, 0, 0, 0}, ""Instant"", ""Gregorian"", 1.]",0.9998872693718519
"DateObject[{2015, 12, 17, 0, 0, 0}, ""Instant"", ""Gregorian"", 1.]",0.9997724747708948
"DateObject[{2015, 12, 24, 0, 0, 0}, ""Instant"", ""Gregorian"", 1.]",0.9996601210635745
"DateObject[{2015, 12, 31, 0, 0, 0}, ""Instant"", ""Gregorian"", 1.]",0.999551520466839
"DateObject[{2016, 1, 7, 0, 0, 0}, ""Instant"", ""Gregorian"", 1.]",0.9994479413637883
"DateObject[{2016, 1, 14, 0, 0, 0}, ""Instant"", ""Gregorian"", 1.]",0.9993505934897993
"DateObject[{2016, 1, 21, 0, 0, 0}, ""Instant"", ""Gregorian"", 1.]",0.9992606138036173
"DateObject[{2016, 1, 28, 0, 0, 0}, ""Instant"", ""Gregorian"", 1.]",0.9991790532084301
"DateObject[{2016, 2, 4, 0, 0, 0}, ""Instant"", ""Gregorian"", 1.]",0.9991068642780142
"DateObject[{2016, 2, 11, 0, 0, 0}, ""Instant"", ""Gregorian"", 1.]",0.9990448901313036
"DateObject[{2016, 2, 18, 0, 0, 0}, ""Instant"", ""Gregorian"", 1.]",0.9989938545853188
"DateObject[{2016, 2, 25, 0, 0, 0}, ""Instant"", ""Gregorian"", 1.]",0.9989543537014621
"DateObject[{2016, 3, 3, 0, 0, 0}, ""Instant"", ""Gregorian"", 1.]",0.9989268488239165
"DateObject[{2016, 3, 10, 0, 0, 0}, ""Instant"", ""Gregorian"", 1.]",0.9989116611914493
"DateObject[{2016, 3, 17, 0, 0, 0}, ""Instant"", ""Gregorian"", 1.]",0.9989089681855567
"DateObject[{2016, 3, 24, 0, 0, 0}, ""Instant"", ""Gregorian"", 1.]",0.9989188012587656
"DateObject[{2016, 3, 31, 0, 0, 0}, ""Instant"", ""Gregorian"", 1.]",0.9989410455672882
"DateObject[{2016, 4, 7, 0, 0, 0}, ""Instant"", ""Gregorian"", 1.]",0.9989754413123219
"DateObject[{2016, 4, 14, 0, 0, 0}, ""Instant"", ""Gregorian"", 1.]",0.9990215867743268
"DateObject[{2016, 4, 21, 0, 0, 0}, ""Instant"", ""Gregorian"", 1.]",0.9990789430048452
"DateObject[{2016, 4, 28, 0, 0, 0}, ""Instant"", ""Gregorian"", 1.]",0.9991468401210618
"DateObject[{2016, 5, 5, 0, 0, 0}, ""Instant"", ""Gregorian"", 1.]",0.9992244851295922
"DateObject[{2016, 5, 12, 0, 0, 0}, ""Instant"", ""Gregorian"", 1.]",0.9993109711881206
"DateObject[{2016, 5, 19, 0, 0, 0}, ""Instant"", ""Gregorian"", 1.]",0.9994052881967185
"DateObject[{2016, 5, 26, 0, 0, 0}, ""Instant"", ""Gregorian"", 1.]",0.9995063345951424
"DateObject[{2016, 6, 2, 0, 0, 0}, ""Instant"", ""Gregorian"", 1.]",0.9996129302283293
"DateObject[{2016, 6, 9, 0, 0, 0}, ""Instant"", ""Gregorian"", 1.]",0.9997238301298267
"DateObject[{2016, 6, 16, 0, 0, 0}, ""Instant"", ""Gregorian"", 1.]",0.9998377390621763
"DateObject[{2016, 6, 23, 0, 0, 0}, ""Instant"", ""Gregorian"", 1.]",0.9999533266444312
"DateObject[{2016, 6, 30, 0, 0, 0}, ""Instant"", ""Gregorian"", 1.]",1.0000692428901243
"DateObject[{2016, 7, 7, 0, 0, 0}, ""Instant"", ""Gregorian"", 1.]",1.0001841339742168
"DateObject[{2016, 7, 14, 0, 0, 0}, ""Instant"", ""Gregorian"", 1.]",1.0002966580448795
"DateObject[{2016, 7, 21, 0, 0, 0}, ""Instant"", ""Gregorian"", 1.]",1.0004055008954331
"DateObject[{2016, 7, 28, 0, 0, 0}, ""Instant"", ""Gregorian"", 1.]",1.0005093913134133
"DateObject[{2016, 8, 4, 0, 0, 0}, ""Instant"", ""Gregorian"", 1.]",1.000607115927491
"DateObject[{2016, 8, 11, 0, 0, 0}, ""Instant"", ""Gregorian"", 1.]",1.0006975333788457
"DateObject[{2016, 8, 18, 0, 0, 0}, ""Instant"", ""Gregorian"", 1.]",1.0007795876514824
"DateObject[{2016, 8, 25, 0, 0, 0}, ""Instant"", ""Gregorian"", 1.]",1.0008523204057984
"DateObject[{2016, 9, 1, 0, 0, 0}, ""Instant"", ""Gregorian"", 1.]",1.0009148821713567
"DateObject[{2016, 9, 8, 0, 0, 0}, ""Instant"", ""Gregorian"", 1.]",1.0009665422681377
"DateObject[{2016, 9, 15, 0, 0, 0}, ""Instant"", ""Gregorian"", 1.]",1.0010066973403984
"DateObject[{2016, 9, 22, 0, 0, 0}, ""Instant"", ""Gregorian"", 1.]",1.0010348784034688
"DateObject[{2016, 9, 29, 0, 0, 0}, ""Instant"", ""Gregorian"", 1.]",1.001050756321182
"DateObject[{2016, 10, 6, 0, 0, 0}, ""Instant"", ""Gregorian"", 1.]",1.0010541456499666
"DateObject[{2016, 10, 13, 0, 0, 0}, ""Instant"", ""Gregorian"", 1.]",1.0010450068047057
"DateObject[{2016, 10, 20, 0, 0, 0}, ""Instant"", ""Gregorian"", 1.]",1.001023446521064
"DateObject[{2016, 10, 27, 0, 0, 0}, ""Instant"", ""Gregorian"", 1.]",1.0009897166088857
"DateObject[{2016, 11, 3, 0, 0, 0}, ""Instant"", ""Gregorian"", 1.]",1.0009442110112239
"DateObject[{2016, 11, 10, 0, 0, 0}, ""Instant"", ""Gregorian"", 1.]",1.0008874612033443
"DateObject[{2016, 11, 17, 0, 0, 0}, ""Instant"", ""Gregorian"", 1.]",1.0008201299854471
"DateObject[{2016, 11, 24, 0, 0, 0}, ""Instant"", ""Gregorian"", 1.]",1.0007430037415987
"DateObject[{2016, 12, 1, 0, 0, 0}, ""Instant"", ""Gregorian"", 1.]",1.0006569832552865
"DateObject[{2016, 12, 8, 0, 0, 0}, ""Instant"", ""Gregorian"", 1.]",1.0005630731888644
"DateObject[{2016, 12, 15, 0, 0, 0}, ""Instant"", ""Gregorian"", 1.]",1.0004623703497595
"DateObject[{2016, 12, 22, 0, 0, 0}, ""Instant"", ""Gregorian"", 1.]",1.0003560508804903
"DateObject[{2016, 12, 29, 0, 0, 0}, ""Instant"", ""Gregorian"", 1.]",1.000245356522097
"DateObject[{2017, 1, 5, 0, 0, 0}, ""Instant"", ""Gregorian"", 1.]",1.0001315801114306
"DateObject[{2017, 1, 12, 0, 0, 0}, ""Instant"", ""Gregorian"", 1.]",1.0000160504816722
"DateObject[{2017, 1, 19, 0, 0, 0}, ""Instant"", ""Gregorian"", 1.]",0.9999001169424424
"DateObject[{2017, 1, 26, 0, 0, 0}, ""Instant"", ""Gregorian"", 1.]",0.999785133520757
"DateObject[{2017, 2, 2, 0, 0, 0}, ""Instant"", ""Gregorian"", 1.]",0.9996724431468871
"DateObject[{2017, 2, 9, 0, 0, 0}, ""Instant"", ""Gregorian"", 1.]",0.9995633619698234
"DateObject[{2017, 2, 16, 0, 0, 0}, ""Instant"", ""Gregorian"", 1.]",0.9994591639855261
"DateObject[{2017, 2, 23, 0, 0, 0}, ""Instant"", ""Gregorian"", 1.]",0.9993610661574956
"DateObject[{2017, 3, 2, 0, 0, 0}, ""Instant"", ""Gregorian"", 1.]",0.9992702142034441
"DateObject[{2017, 3, 9, 0, 0, 0}, ""Instant"", ""Gregorian"", 1.]",0.9991876692140707
"DateObject[{2017, 3, 16, 0, 0, 0}, ""Instant"", ""Gregorian"", 1.]",0.9991143952602245
"DateObject[{2017, 3, 23, 0, 0, 0}, ""Instant"", ""Gregorian"", 1.]",0.9990512481331953
"DateObject[{2017, 3, 30, 0, 0, 0}, ""Instant"", ""Gregorian"", 1.]",0.9989989653496374
"DateObject[{2017, 4, 6, 0, 0, 0}, ""Instant"", ""Gregorian"", 1.]",0.9989581575378627
"DateObject[{2017, 4, 13, 0, 0, 0}, ""Instant"", ""Gregorian"", 1.]",0.9989293013061071
"DateObject[{2017, 4, 20, 0, 0, 0}, ""Instant"", ""Gregorian"", 1.]",0.9989127336760609
"DateObject[{2017, 4, 27, 0, 0, 0}, ""Instant"", ""Gregorian"", 1.]",0.998908648146679
"DateObject[{2017, 5, 4, 0, 0, 0}, ""Instant"", ""Gregorian"", 1.]",0.9989170924342409
"DateObject[{2017, 5, 11, 0, 0, 0}, ""Instant"", ""Gregorian"", 1.]",0.9989379679150558
"DateObject[{2017, 5, 18, 0, 0, 0}, ""Instant"", ""Gregorian"", 1.]",0.9989710307773232
"DateObject[{2017, 5, 25, 0, 0, 0}, ""Instant"", ""Gregorian"", 1.]",0.999015894868692
"DateObject[{2017, 6, 1, 0, 0, 0}, ""Instant"", ""Gregorian"", 1.]",0.9990720362062652
"DateObject[{2017, 6, 8, 0, 0, 0}, ""Instant"", ""Gregorian"", 1.]",0.9991387990963732
"DateObject[{2017, 6, 15, 0, 0, 0}, ""Instant"", ""Gregorian"", 1.]",0.999215403792642
"DateObject[{2017, 6, 22, 0, 0, 0}, ""Instant"", ""Gregorian"", 1.]",0.9993009556029144
"DateObject[{2017, 6, 29, 0, 0, 0}, ""Instant"", ""Gregorian"", 1.]",0.9993944553386634
"DateObject[{2017, 7, 6, 0, 0, 0}, ""Instant"", ""Gregorian"", 1.]",0.9994948109848517
"DateObject[{2017, 7, 13, 0, 0, 0}, ""Instant"", ""Gregorian"", 1.]",0.9996008504539451
"DateObject[{2017, 7, 20, 0, 0, 0}, ""Instant"", ""Gregorian"", 1.]",0.9997113352751195
"DateObject[{2017, 7, 27, 0, 0, 0}, ""Instant"", ""Gregorian"", 1.]",0.9998249750587803
"DateObject[{2017, 8, 3, 0, 0, 0}, ""Instant"", ""Gregorian"", 1.]",0.9999404425674591
"DateObject[{2017, 8, 10, 0, 0, 0}, ""Instant"", ""Gregorian"", 1.]",1.0000563892170684
"DateObject[{2017, 8, 17, 0, 0, 0}, ""Instant"", ""Gregorian"", 1.]",1.0001714608274723
"DateObject[{2017, 8, 24, 0, 0, 0}, ""Instant"", ""Gregorian"", 1.]",1.0002843134384136
"DateObject[{2017, 8, 31, 0, 0, 0}, ""Instant"", ""Gregorian"", 1.]",1.00039362900608
"DateObject[{2017, 9, 7, 0, 0, 0}, ""Instant"", ""Gregorian"", 1.]",1.000498130796984
"DateObject[{2017, 9, 14, 0, 0, 0}, ""Instant"", ""Gregorian"", 1.]",1.0005965982993652
"DateObject[{2017, 9, 21, 0, 0, 0}, ""Instant"", ""Gregorian"", 1.]",1.0006878814779596
"DateObject[{2017, 9, 28, 0, 0, 0}, ""Instant"", ""Gregorian"", 1.]",1.0007709142056511
"DateObject[{2017, 10, 5, 0, 0, 0}, ""Instant"", ""Gregorian"", 1.]",1.0008447267151293
"DateObject[{2017, 10, 12, 0, 0, 0}, ""Instant"", ""Gregorian"", 1.]",1.0009084569251312
"DateObject[{2017, 10, 19, 0, 0, 0}, ""Instant"", ""Gregorian"", 1.]",1.0009613605089795
"DateObject[{2017, 10, 26, 0, 0, 0}, ""Instant"", ""Gregorian"", 1.]",1.0010028195878256
"DateObject[{2017, 11, 2, 0, 0, 0}, ""Instant"", ""Gregorian"", 1.]",1.001032349947065
"DateObject[{2017, 11, 9, 0, 0, 0}, ""Instant"", ""Gregorian"", 1.]",1.001049606691645
"DateObject[{2017, 11, 16, 0, 0, 0}, ""Instant"", ""Gregorian"", 1.]",1.0010543882742085
"DateObject[{2017, 11, 23, 0, 0, 0}, ""Instant"", ""Gregorian"", 1.]",1.0010466388490358
"DateObject[{2017, 11, 30, 0, 0, 0}, ""Instant"", ""Gregorian"", 1.]",1.0010264489242844
"DateObject[{2017, 12, 7, 0, 0, 0}, ""Instant"", ""Gregorian"", 1.]",1.0009940543049143
"DateObject[{2017, 12, 14, 0, 0, 0}, ""Instant"", ""Gregorian"", 1.]",1.0009498333386413
"DateObject[{2017, 12, 21, 0, 0, 0}, ""Instant"", ""Gregorian"", 1.]",1.0008943024970869
"DateObject[{2017, 12, 28, 0, 0, 0}, ""Instant"", ""Gregorian"", 1.]",1.0008281103437315
"DateObject[{2018, 1, 4, 0, 0, 0}, ""Instant"", ""Gregorian"", 1.]",1.0007520299591215
"DateObject[{2018, 1, 11, 0, 0, 0}, ""Instant"", ""Gregorian"", 1.]",1.0006669499118006
"DateObject[{2018, 1, 18, 0, 0, 0}, ""Instant"", ""Gregorian"", 1.]",1.000573863880417
"DateObject[{2018, 1, 25, 0, 0, 0}, ""Instant"", ""Gregorian"", 1.]",1.0004738590482147
"DateObject[{2018, 2, 1, 0, 0, 0}, ""Instant"", ""Gregorian"", 1.]",1.000368103405453
"DateObject[{2018, 2, 8, 0, 0, 0}, ""Instant"", ""Gregorian"", 1.]",1.0002578321080515
"DateObject[{2018, 2, 15, 0, 0, 0}, ""Instant"", ""Gregorian"", 1.]",1.0001443330517894
"DateObject[{2018, 2, 22, 0, 0, 0}, ""Instant"", ""Gregorian"", 1.]",1.0000289318305315
"DateObject[{2018, 3, 1, 0, 0, 0}, ""Instant"", ""Gregorian"", 1.]",0.9999129762541724
"DateObject[{2018, 3, 8, 0, 0, 0}, ""Instant"", ""Gregorian"", 1.]",0.9997978206071064
"DateObject[{2018, 3, 15, 0, 0, 0}, ""Instant"", ""Gregorian"", 1.]",0.9996848098310835
"DateObject[{2018, 3, 22, 0, 0, 0}, ""Instant"", ""Gregorian"", 1.]",0.9995752638171793
"DateObject[{2018, 3, 29, 0, 0, 0}, ""Instant"", ""Gregorian"", 1.]",0.999470461990341
"DateObject[{2018, 4, 5, 0, 0, 0}, ""Instant"", ""Gregorian"", 1.]",0.9993716283665499
"DateObject[{2018, 4, 12, 0, 0, 0}, ""Instant"", ""Gregorian"", 1.]",0.9992799172571258
"DateObject[{2018, 4, 19, 0, 0, 0}, ""Instant"", ""Gregorian"", 1.]",0.9991963997871343
"DateObject[{2018, 4, 26, 0, 0, 0}, ""Instant"", ""Gregorian"", 1.]",0.9991220513853545
"DateObject[{2018, 5, 3, 0, 0, 0}, ""Instant"", ""Gregorian"", 1.]",0.9990577403919167
"DateObject[{2018, 5, 10, 0, 0, 0}, ""Instant"", ""Gregorian"", 1.]",0.9990042179166647
"DateObject[{2018, 5, 17, 0, 0, 0}, ""Instant"", ""Gregorian"", 1.]",0.9989621090666891
"DateObject[{2018, 5, 24, 0, 0, 0}, ""Instant"", ""Gregorian"", 1.]",0.9989319056454911
"DateObject[{2018, 5, 31, 0, 0, 0}, ""Instant"", ""Gregorian"", 1.]",0.9989139604090418
"DateObject[{2018, 6, 7, 0, 0, 0}, ""Instant"", ""Gregorian"", 1.]",0.9989084829458275
"DateObject[{2018, 6, 14, 0, 0, 0}, ""Instant"", ""Gregorian"", 1.]",0.9989155372289935
"DateObject[{2018, 6, 21, 0, 0, 0}, ""Instant"", ""Gregorian"", 1.]",0.9989350408691808
"DateObject[{2018, 6, 28, 0, 0, 0}, ""Instant"", ""Gregorian"", 1.]",0.9989667660767793
"DateObject[{2018, 7, 5, 0, 0, 0}, ""Instant"", ""Gregorian"", 1.]",0.9990103423223591
"DateObject[{2018, 7, 12, 0, 0, 0}, ""Instant"", ""Gregorian"", 1.]",0.99906526066421
"DateObject[{2018, 7, 19, 0, 0, 0}, ""Instant"", ""Gregorian"", 1.]",0.999130879692443
"DateObject[{2018, 7, 26, 0, 0, 0}, ""Instant"", ""Gregorian"", 1.]",0.9992064330202337
"DateObject[{2018, 8, 2, 0, 0, 0}, ""Instant"", ""Gregorian"", 1.]",0.9992910382347133
"DateObject[{2018, 8, 9, 0, 0, 0}, ""Instant"", ""Gregorian"", 1.]",0.9993837072029669
"DateObject[{2018, 8, 16, 0, 0, 0}, ""Instant"", ""Gregorian"", 1.]",0.9994833576127715
"DateObject[{2018, 8, 23, 0, 0, 0}, ""Instant"", ""Gregorian"", 1.]",0.9995888256132878
"DateObject[{2018, 8, 30, 0, 0, 0}, ""Instant"", ""Gregorian"", 1.]",0.999698879408066
"DateObject[{2018, 9, 6, 0, 0, 0}, ""Instant"", ""Gregorian"", 1.]",0.9998122336416148
"DateObject[{2018, 9, 13, 0, 0, 0}, ""Instant"", ""Gregorian"", 1.]",0.999927564411502
"DateObject[{2018, 9, 20, 0, 0, 0}, ""Instant"", ""Gregorian"", 1.]",1.000043524730659
"DateObject[{2018, 9, 27, 0, 0, 0}, ""Instant"", ""Gregorian"", 1.]",1.000158760259298
"DateObject[{2018, 10, 4, 0, 0, 0}, ""Instant"", ""Gregorian"", 1.]",1.000271925122706
"DateObject[{2018, 10, 11, 0, 0, 0}, ""Instant"", ""Gregorian"", 1.]",1.000381697630168
"DateObject[{2018, 10, 18, 0, 0, 0}, ""Instant"", ""Gregorian"", 1.]",1.0004867957114425
"DateObject[{2018, 10, 25, 0, 0, 0}, ""Instant"", ""Gregorian"", 1.]",1.000585991890492
"DateObject[{2018, 11, 1, 0, 0, 0}, ""Instant"", ""Gregorian"", 1.]",1.0006781276215913
"DateObject[{2018, 11, 8, 0, 0, 0}, ""Instant"", ""Gregorian"", 1.]",1.0007621268203748
"DateObject[{2018, 11, 15, 0, 0, 0}, ""Instant"", ""Gregorian"", 1.]",1.0008370084317897
"DateObject[{2018, 11, 22, 0, 0, 0}, ""Instant"", ""Gregorian"", 1.]",1.00090189788817
"DateObject[{2018, 11, 29, 0, 0, 0}, ""Instant"", ""Gregorian"", 1.]",1.0009560373236082
"DateObject[{2018, 12, 6, 0, 0, 0}, ""Instant"", ""Gregorian"", 1.]",1.000998794425326
"DateObject[{2018, 12, 13, 0, 0, 0}, ""Instant"", ""Gregorian"", 1.]",1.0010296698186718
"DateObject[{2018, 12, 20, 0, 0, 0}, ""Instant"", ""Gregorian"", 1.]",1.0010483028994837
"DateObject[{2018, 12, 27, 0, 0, 0}, ""Instant"", ""Gregorian"", 1.]",1.001054476045709
"DateObject[{2019, 1, 3, 0, 0, 0}, ""Instant"", ""Gregorian"", 1.]",1.0010481171590848
"DateObject[{2019, 1, 10, 0, 0, 0}, ""Instant"", ""Gregorian"", 1.]",1.001029300507199
"DateObject[{2019, 1, 17, 0, 0, 0}, ""Instant"", ""Gregorian"", 1.]",1.0009982458560933
"DateObject[{2019, 1, 24, 0, 0, 0}, ""Instant"", ""Gregorian"", 1.]",1.0009553159035407
"DateObject[{2019, 1, 31, 0, 0, 0}, ""Instant"", ""Gregorian"", 1.]",1.000901012042977
"DateObject[{2019, 2, 7, 0, 0, 0}, ""Instant"", ""Gregorian"", 1.]",1.0008359685075565
"DateObject[{2019, 2, 14, 0, 0, 0}, ""Instant"", ""Gregorian"", 1.]",1.0007609449627284
"DateObject[{2019, 2, 21, 0, 0, 0}, ""Instant"", ""Gregorian"", 1.]",1.0006768176338467
"DateObject[{2019, 2, 28, 0, 0, 0}, ""Instant"", ""Gregorian"", 1.]",1.0005845690724395
"DateObject[{2019, 3, 7, 0, 0, 0}, ""Instant"", ""Gregorian"", 1.]",1.0004852766806551
"DateObject[{2019, 3, 14, 0, 0, 0}, ""Instant"", ""Gregorian"", 1.]",1.0003801001279202
"DateObject[{2019, 3, 21, 0, 0, 0}, ""Instant"", ""Gregorian"", 1.]",1.0002702678067668
"DateObject[{2019, 3, 28, 0, 0, 0}, ""Instant"", ""Gregorian"", 1.]",1.000157062486021
"DateObject[{2019, 4, 4, 0, 0, 0}, ""Instant"", ""Gregorian"", 1.]",1.0000418063289118
"DateObject[{2019, 4, 11, 0, 0, 0}, ""Instant"", ""Gregorian"", 1.]",0.9999258454510804
"DateObject[{2019, 4, 18, 0, 0, 0}, ""Instant"", ""Gregorian"", 1.]",0.9998105341988389
"DateObject[{2019, 4, 25, 0, 0, 0}, ""Instant"", ""Gregorian"", 1.]",0.9996972193313025
"DateObject[{2019, 5, 2, 0, 0, 0}, ""Instant"", ""Gregorian"", 1.]",0.9995872242911349
"DateObject[{2019, 5, 9, 0, 0, 0}, ""Instant"", ""Gregorian"", 1.]",0.9994818337476122
"DateObject[{2019, 5, 16, 0, 0, 0}, ""Instant"", ""Gregorian"", 1.]",0.9993822785925378
"DateObject[{2019, 5, 23, 0, 0, 0}, ""Instant"", ""Gregorian"", 1.]",0.9992897215642389
"DateObject[{2019, 5, 30, 0, 0, 0}, ""Instant"", ""Gregorian"", 1.]",0.9992052436675537
"DateObject[{2019, 6, 6, 0, 0, 0}, ""Instant"", ""Gregorian"", 1.]",0.9991298315484095
"DateObject[{2019, 6, 13, 0, 0, 0}, ""Instant"", ""Gregorian"", 1.]",0.9990643659704518
"DateObject[{2019, 6, 20, 0, 0, 0}, ""Instant"", ""Gregorian"", 1.]",0.9990096115283071
"DateObject[{2019, 6, 27, 0, 0, 0}, ""Instant"", ""Gregorian"", 1.]",0.9989662077176245
"DateObject[{2019, 7, 4, 0, 0, 0}, ""Instant"", ""Gregorian"", 1.]",0.9989346614661886
"DateObject[{2019, 7, 11, 0, 0, 0}, ""Instant"", ""Gregorian"", 1.]",0.9989153412133397
"DateObject[{2019, 7, 18, 0, 0, 0}, ""Instant"", ""Gregorian"", 1.]",0.9989084726068452
"DateObject[{2019, 7, 25, 0, 0, 0}, ""Instant"", ""Gregorian"", 1.]",0.9989141358674836
"DateObject[{2019, 8, 1, 0, 0, 0}, ""Instant"", ""Gregorian"", 1.]",0.9989322648521183
"DateObject[{2019, 8, 8, 0, 0, 0}, ""Instant"", ""Gregorian"", 1.]",0.9989626478262063
"DateObject[{2019, 8, 15, 0, 0, 0}, ""Instant"", ""Gregorian"", 1.]",0.9990049299367171
"DateObject[{2019, 8, 22, 0, 0, 0}, ""Instant"", ""Gregorian"", 1.]",0.9990586173565813
"DateObject[{2019, 8, 29, 0, 0, 0}, ""Instant"", ""Gregorian"", 1.]",0.9991230830522644
"DateObject[{2019, 9, 5, 0, 0, 0}, ""Instant"", ""Gregorian"", 1.]",0.9991975741071027
"DateObject[{2019, 9, 12, 0, 0, 0}, ""Instant"", ""Gregorian"", 1.]",0.9992812205148728
"DateObject[{2019, 9, 19, 0, 0, 0}, ""Instant"", ""Gregorian"", 1.]",0.9993730453408872
"DateObject[{2019, 9, 26, 0, 0, 0}, ""Instant"", ""Gregorian"", 1.]",0.9994719761319462
"DateObject[{2019, 10, 3, 0, 0, 0}, ""Instant"", ""Gregorian"", 1.]",0.9995768574418805
"DateObject[{2019, 10, 10, 0, 0, 0}, ""Instant"", ""Gregorian"", 1.]",0.9996864643263987
"DateObject[{2019, 10, 17, 0, 0, 0}, ""Instant"", ""Gregorian"", 1.]",0.9997995166496253
"DateObject[{2019, 10, 24, 0, 0, 0}, ""Instant"", ""Gregorian"", 1.]",0.9999146940352408
"DateObject[{2019, 10, 31, 0, 0, 0}, ""Instant"", ""Gregorian"", 1.]",1.0000306512876034
"DateObject[{2019, 11, 7, 0, 0, 0}, ""Instant"", ""Gregorian"", 1.]",1.000146034102744
"DateObject[{2019, 11, 14, 0, 0, 0}, ""Instant"", ""Gregorian"", 1.]",1.0002594948857397
"DateObject[{2019, 11, 21, 0, 0, 0}, ""Instant"", ""Gregorian"", 1.]",1.0003697084897312
"DateObject[{2019, 11, 28, 0, 0, 0}, ""Instant"", ""Gregorian"", 1.]",1.0004753876927612
"DateObject[{2019, 12, 5, 0, 0, 0}, ""Instant"", ""Gregorian"", 1.]",1.000575298231675
"DateObject[{2019, 12, 12, 0, 0, 0}, ""Instant"", ""Gregorian"", 1.]",1.0006682732174965
"DateObject[{2019, 12, 19, 0, 0, 0}, ""Instant"", ""Gregorian"", 1.]",1.0007532267639205
"DateObject[{2019, 12, 26, 0, 0, 0}, ""Instant"", ""Gregorian"", 1.]",1.0008291666697458
"DateObject[{2020, 1, 2, 0, 0, 0}, ""Instant"", ""Gregorian"", 1.]",1.0008952060071277
"DateObject[{2020, 1, 9, 0, 0, 0}, ""Instant"", ""Gregorian"", 1.]",1.000950573480309
"DateObject[{2020, 1, 16, 0, 0, 0}, ""Instant"", ""Gregorian"", 1.]",1.000994622433844
"DateObject[{2020, 1, 23, 0, 0, 0}, ""Instant"", ""Gregorian"", 1.]",1.0010268384051066
"DateObject[{2020, 1, 30, 0, 0, 0}, ""Instant"", ""Gregorian"", 1.]",1.0010468451328718
"DateObject[{2020, 2, 6, 0, 0, 0}, ""Instant"", ""Gregorian"", 1.]",1.0010544089517999
"DateObject[{2020, 2, 13, 0, 0, 0}, ""Instant"", ""Gregorian"", 1.]",1.001049441521491
"DateObject[{2020, 2, 20, 0, 0, 0}, ""Instant"", ""Gregorian"", 1.]",1.001032000858244
"DateObject[{2020, 2, 27, 0, 0, 0}, ""Instant"", ""Gregorian"", 1.]",1.0010022906574638
"DateObject[{2020, 3, 5, 0, 0, 0}, ""Instant"", ""Gregorian"", 1.]",1.0009606579146337
"DateObject[{2020, 3, 12, 0, 0, 0}, ""Instant"", ""Gregorian"", 1.]",1.000907588872638
"DateObject[{2020, 3, 19, 0, 0, 0}, ""Instant"", ""Gregorian"", 1.]",1.0008437033427675
"DateObject[{2020, 3, 26, 0, 0, 0}, ""Instant"", ""Gregorian"", 1.]",1.0007697474657329
"DateObject[{2020, 4, 2, 0, 0, 0}, ""Instant"", ""Gregorian"", 1.]",1.000686584997235
"DateObject[{2020, 4, 9, 0, 0, 0}, ""Instant"", ""Gregorian"", 1.]",1.0005951872198708
"DateObject[{2020, 4, 16, 0, 0, 0}, ""Instant"", ""Gregorian"", 1.]",1.0004966215991948
"DateObject[{2020, 4, 23, 0, 0, 0}, ""Instant"", ""Gregorian"", 1.]",1.0003920393164272
"DateObject[{2020, 4, 30, 0, 0, 0}, ""Instant"", ""Gregorian"", 1.]",1.0002826618234206
"DateObject[{2020, 5, 7, 0, 0, 0}, ""Instant"", ""Gregorian"", 1.]",1.000169766576909
"DateObject[{2020, 5, 14, 0, 0, 0}, ""Instant"", ""Gregorian"", 1.]",1.00005467211866
"DateObject[{2020, 5, 21, 0, 0, 0}, ""Instant"", ""Gregorian"", 1.]",0.9999387226757788
"DateObject[{2020, 5, 28, 0, 0, 0}, ""Instant"", ""Gregorian"", 1.]",0.9998232724610249
"DateObject[{2020, 6, 4, 0, 0, 0}, ""Instant"", ""Gregorian"", 1.]",0.9997096698565039
"DateObject[{2020, 6, 11, 0, 0, 0}, ""Instant"", ""Gregorian"", 1.]",0.9995992416654567
"DateObject[{2020, 6, 18, 0, 0, 0}, ""Instant"", ""Gregorian"", 1.]",0.9994932776160753
"DateObject[{2020, 6, 25, 0, 0, 0}, ""Instant"", ""Gregorian"", 1.]",0.9993930152983316
"DateObject[{2020, 7, 2, 0, 0, 0}, ""Instant"", ""Gregorian"", 1.]",0.9992996257097452
"DateObject[{2020, 7, 9, 0, 0, 0}, ""Instant"", ""Gregorian"", 1.]",0.9992141995789073
"DateObject[{2020, 7, 16, 0, 0, 0}, ""Instant"", ""Gregorian"", 1.]",0.9991377346264929
"DateObject[{2020, 7, 23, 0, 0, 0}, ""Instant"", ""Gregorian"", 1.]",0.9990711239125428
"DateObject[{2020, 7, 30, 0, 0, 0}, ""Instant"", ""Gregorian"", 1.]",0.9990151454061147
"DateObject[{2020, 8, 6, 0, 0, 0}, ""Instant"", ""Gregorian"", 1.]",0.9989704528991178
"DateObject[{2020, 8, 13, 0, 0, 0}, ""Instant"", ""Gregorian"", 1.]",0.9989375683704572
"DateObject[{2020, 8, 20, 0, 0, 0}, ""Instant"", ""Gregorian"", 1.]",0.9989168758896656
"DateObject[{2020, 8, 27, 0, 0, 0}, ""Instant"", ""Gregorian"", 1.]",0.9989086171312245
"DateObject[{2020, 9, 3, 0, 0, 0}, ""Instant"", ""Gregorian"", 1.]",0.9989128885519671
"DateObject[{2020, 9, 10, 0, 0, 0}, ""Instant"", ""Gregorian"", 1.]",0.9989296402645259
"DateObject[{2020, 9, 17, 0, 0, 0}, ""Instant"", ""Gregorian"", 1.]",0.998958676619984
"DateObject[{2020, 9, 24, 0, 0, 0}, ""Instant"", ""Gregorian"", 1.]",0.9989996584929257
"DateObject[{2020, 10, 1, 0, 0, 0}, ""Instant"", ""Gregorian"", 1.]",0.9990521072421956
"DateObject[{2020, 10, 8, 0, 0, 0}, ""Instant"", ""Gregorian"", 1.]",0.9991154103011123
"DateObject[{2020, 10, 15, 0, 0, 0}, ""Instant"", ""Gregorian"", 1.]",0.99918882833184
"DateObject[{2020, 10, 22, 0, 0, 0}, ""Instant"", ""Gregorian"", 1.]",0.9992715038603666
"DateObject[{2020, 10, 29, 0, 0, 0}, ""Instant"", ""Gregorian"", 1.]",0.9993624712912319
"DateObject[{2020, 11, 5, 0, 0, 0}, ""Instant"", ""Gregorian"", 1.]",0.999460668185044
"DateObject[{2020, 11, 12, 0, 0, 0}, ""Instant"", ""Gregorian"", 1.]",0.9995649476670679
"DateObject[{2020, 11, 19, 0, 0, 0}, ""Instant"", ""Gregorian"", 1.]",0.9996740918219639
"DateObject[{2020, 11, 26, 0, 0, 0}, ""Instant"", ""Gregorian"", 1.]",0.9997868259182323
"DateObject[{2020, 12, 3, 0, 0, 0}, ""Instant"", ""Gregorian"", 1.]",0.9999018332962337
"DateObject[{2020, 12, 10, 0, 0, 0}, ""Instant"", ""Gregorian"", 1.]",1.0000177707459028
"DateObject[{2020, 12, 17, 0, 0, 0}, ""Instant"", ""Gregorian"", 1.]",1.0001332841945527
"DateObject[{2020, 12, 24, 0, 0, 0}, ""Instant"", ""Gregorian"", 1.]",1.0002470245215478
"DateObject[{2020, 12, 31, 0, 0, 0}, ""Instant"", ""Gregorian"", 1.]",1.00035766331514
"DateObject[{2021, 1, 7, 0, 0, 0}, ""Instant"", ""Gregorian"", 1.]",1.0004639083874385
"DateObject[{2021, 1, 14, 0, 0, 0}, ""Instant"", ""Gregorian"", 1.]",1.0005645188663101
"DateObject[{2021, 1, 21, 0, 0, 0}, ""Instant"", ""Gregorian"", 1.]",1.0006583196879435
"DateObject[{2021, 1, 28, 0, 0, 0}, ""Instant"", ""Gregorian"", 1.]",1.0007442153208177
"DateObject[{2021, 2, 4, 0, 0, 0}, ""Instant"", ""Gregorian"", 1.]",1.0008212025607848
"DateObject[{2021, 2, 11, 0, 0, 0}, ""Instant"", ""Gregorian"", 1.]",1.0008883822478305
"DateObject[{2021, 2, 18, 0, 0, 0}, ""Instant"", ""Gregorian"", 1.]",1.0009449697676684
"DateObject[{2021, 2, 25, 0, 0, 0}, ""Instant"", ""Gregorian"", 1.]",1.0009903042155155
"DateObject[{2021, 3, 4, 0, 0, 0}, ""Instant"", ""Gregorian"", 1.]",1.0010238561150224
"DateObject[{2021, 3, 11, 0, 0, 0}, ""Instant"", ""Gregorian"", 1.]",1.0010452336022067
"DateObject[{2021, 3, 18, 0, 0, 0}, ""Instant"", ""Gregorian"", 1.]",1.0010541870021652
"DateObject[{2021, 3, 25, 0, 0, 0}, ""Instant"", ""Gregorian"", 1.]",1.0010506117451117
"DateObject[{2021, 4, 1, 0, 0, 0}, ""Instant"", ""Gregorian"", 1.]",1.0010345495876827
"DateObject[{2021, 4, 8, 0, 0, 0}, ""Instant"", ""Gregorian"", 1.]",1.0010061881252472
"DateObject[{2021, 4, 15, 0, 0, 0}, ""Instant"", ""Gregorian"", 1.]",1.0009658586009174
"DateObject[{2021, 4, 22, 0, 0, 0}, ""Instant"", ""Gregorian"", 1.]",1.000914032036848
"DateObject[{2021, 4, 29, 0, 0, 0}, ""Instant"", ""Gregorian"", 1.]",1.0008513137330097
"DateObject[{2021, 5, 6, 0, 0, 0}, ""Instant"", ""Gregorian"", 1.]",1.0007784361976857
"DateObject[{2021, 5, 13, 0, 0, 0}, ""Instant"", ""Gregorian"", 1.]",1.0006962505922594
"DateObject[{2021, 5, 20, 0, 0, 0}, ""Instant"", ""Gregorian"", 1.]",1.0006057167902134
"DateObject[{2021, 5, 27, 0, 0, 0}, ""Instant"", ""Gregorian"", 1.]",1.0005078921664419
"DateObject[{2021, 6, 3, 0, 0, 0}, ""Instant"", ""Gregorian"", 1.]",1.0004039192478125
"DateObject[{2021, 6, 10, 0, 0, 0}, ""Instant"", ""Gregorian"", 1.]",1.000295012369207
"DateObject[{2021, 6, 17, 0, 0, 0}, ""Instant"", ""Gregorian"", 1.]",1.0001824434908952
"DateObject[{2021, 6, 24, 0, 0, 0}, ""Instant"", ""Gregorian"", 1.]",1.00006752734288
"DateObject[{2021, 7, 1, 0, 0, 0}, ""Instant"", ""Gregorian"", 1.]",0.9999516060697212
"DateObject[{2021, 7, 8, 0, 0, 0}, ""Instant"", ""Gregorian"", 1.]",0.9998360335551743
"DateObject[{2021, 7, 15, 0, 0, 0}, ""Instant"", ""Gregorian"", 1.]",0.9997221596097258
"DateObject[{2021, 7, 22, 0, 0, 0}, ""Instant"", ""Gregorian"", 1.]",0.9996113142056987
"DateObject[{2021, 7, 29, 0, 0, 0}, ""Instant"", ""Gregorian"", 1.]",0.9995047919440571
"DateObject[{2021, 8, 5, 0, 0, 0}, ""Instant"", ""Gregorian"", 1.]",0.9994038369343221
"DateObject[{2021, 8, 12, 0, 0, 0}, ""Instant"", ""Gregorian"", 1.]",0.9993096282641976
"DateObject[{2021, 8, 19, 0, 0, 0}, ""Instant"", ""Gregorian"", 1.]",0.999223266228605
"DateObject[{2021, 8, 26, 0, 0, 0}, ""Instant"", ""Gregorian"", 1.]",0.9991457594789677
"DateObject[{2021, 9, 2, 0, 0, 0}, ""Instant"", ""Gregorian"", 1.]",0.9990780132428285
"DateObject[{2021, 9, 9, 0, 0, 0}, ""Instant"", ""Gregorian"", 1.]",0.9990208187513927
"DateObject[{2021, 9, 16, 0, 0, 0}, ""Instant"", ""Gregorian"", 1.]",0.9989748439984698
"DateObject[{2021, 9, 23, 0, 0, 0}, ""Instant"", ""Gregorian"", 1.]",0.9989406259387489
"DateObject[{2021, 9, 30, 0, 0, 0}, ""Instant"", ""Gregorian"", 1.]",0.9989185642165225
"DateObject[{2021, 10, 7, 0, 0, 0}, ""Instant"", ""Gregorian"", 1.]",0.9989089164981063
"DateObject[{2021, 10, 14, 0, 0, 0}, ""Instant"", ""Gregorian"", 1.]",0.9989117954624668
"DateObject[{2021, 10, 21, 0, 0, 0}, ""Instant"", ""Gregorian"", 1.]",0.9989271674852054
"DateObject[{2021, 10, 28, 0, 0, 0}, ""Instant"", ""Gregorian"", 1.]",0.9989548530312695
"DateObject[{2021, 11, 4, 0, 0, 0}, ""Instant"", ""Gregorian"", 1.]",0.9989945287518027
"DateObject[{2021, 11, 11, 0, 0, 0}, ""Instant"", ""Gregorian"", 1.]",0.999045731260646
"DateObject[{2021, 11, 18, 0, 0, 0}, ""Instant"", ""Gregorian"", 1.]",0.9991078625463807
"DateObject[{2021, 11, 25, 0, 0, 0}, ""Instant"", ""Gregorian"", 1.]",0.9991801969567071
"DateObject[{2021, 12, 2, 0, 0, 0}, ""Instant"", ""Gregorian"", 1.]",0.9992618896735816
"DateObject[{2021, 12, 9, 0, 0, 0}, ""Instant"", ""Gregorian"", 1.]",0.9993519865801341
"DateObject[{2021, 12, 16, 0, 0, 0}, ""Instant"", ""Gregorian"", 1.]",0.9994494354041205
"DateObject[{2021, 12, 23, 0, 0, 0}, ""Instant"", ""Gregorian"", 1.]",0.9995530980077664
"DateObject[{2021, 12, 30, 0, 0, 0}, ""Instant"", ""Gregorian"", 1.]",0.9996617636804628
"DateObject[{2022, 1, 6, 0, 0, 0}, ""Instant"", ""Gregorian"", 1.]",0.9997741632790658
"DateObject[{2022, 1, 13, 0, 0, 0}, ""Instant"", ""Gregorian"", 1.]",0.9998889840506476
"DateObject[{2022, 1, 20, 0, 0, 0}, ""Instant"", ""Gregorian"", 1.]",1.0000048849645822
"DateObject[{2022, 1, 27, 0, 0, 0}, ""Instant"", ""Gregorian"", 1.]",1.0001205123748957
"DateObject[{2022, 2, 3, 0, 0, 0}, ""Instant"", ""Gregorian"", 1.]",1.0002345158299557
"DateObject[{2022, 2, 10, 0, 0, 0}, ""Instant"", ""Gregorian"", 1.]",1.0003455638448528
"DateObject[{2022, 2, 17, 0, 0, 0}, ""Instant"", ""Gregorian"", 1.]",1.000452359452262
"DateObject[{2022, 2, 24, 0, 0, 0}, ""Instant"", ""Gregorian"", 1.]",1.0005536553501642
"DateObject[{2022, 3, 3, 0, 0, 0}, ""Instant"", ""Gregorian"", 1.]",1.0006482684695077
"DateObject[{2022, 3, 10, 0, 0, 0}, ""Instant"", ""Gregorian"", 1.]",1.0007350937916715
"DateObject[{2022, 3, 17, 0, 0, 0}, ""Instant"", ""Gregorian"", 1.]",1.000813117254352
"DateObject[{2022, 3, 24, 0, 0, 0}, ""Instant"", ""Gregorian"", 1.]",1.0008814275951396
"DateObject[{2022, 3, 31, 0, 0, 0}, ""Instant"", ""Gregorian"", 1.]",1.0009392269944606
"DateObject[{2022, 4, 7, 0, 0, 0}, ""Instant"", ""Gregorian"", 1.]",1.0009858403935812
"DateObject[{2022, 4, 14, 0, 0, 0}, ""Instant"", ""Gregorian"", 1.]",1.0010207233788477
"DateObject[{2022, 4, 21, 0, 0, 0}, ""Instant"", ""Gregorian"", 1.]",1.0010434685400769
"DateObject[{2022, 4, 28, 0, 0, 0}, ""Instant"", ""Gregorian"", 1.]",1.0010538102288382
"DateObject[{2022, 5, 5, 0, 0, 0}, ""Instant"", ""Gregorian"", 1.]",1.0010516276610504
"DateObject[{2022, 5, 12, 0, 0, 0}, ""Instant"", ""Gregorian"", 1.]",1.0010369463276612
"DateObject[{2022, 5, 19, 0, 0, 0}, ""Instant"", ""Gregorian"", 1.]",1.0010099376969288
"DateObject[{2022, 5, 26, 0, 0, 0}, ""Instant"", ""Gregorian"", 1.]",1.0009709172117862
"DateObject[{2022, 6, 2, 0, 0, 0}, ""Instant"", ""Gregorian"", 1.]",1.0009203406056768
"DateObject[{2022, 6, 9, 0, 0, 0}, ""Instant"", ""Gregorian"", 1.]",1.0008587985798896
"DateObject[{2022, 6, 16, 0, 0, 0}, ""Instant"", ""Gregorian"", 1.]",1.0007870099045582
"DateObject[{2022, 6, 23, 0, 0, 0}, ""Instant"", ""Gregorian"", 1.]",1.0007058130239022
"DateObject[{2022, 6, 30, 0, 0, 0}, ""Instant"", ""Gregorian"", 1.]",1.000616156263753
"DateObject[{2022, 7, 7, 0, 0, 0}, ""Instant"", ""Gregorian"", 1.]",1.0005190867557363
"DateObject[{2022, 7, 14, 0, 0, 0}, ""Instant"", ""Gregorian"", 1.]",1.0004157382074668
"DateObject[{2022, 7, 21, 0, 0, 0}, ""Instant"", ""Gregorian"", 1.]",1.0003073176615944
"DateObject[{2022, 7, 28, 0, 0, 0}, ""Instant"", ""Gregorian"", 1.]",1.000195091398344
"DateObject[{2022, 8, 4, 0, 0, 0}, ""Instant"", ""Gregorian"", 1.]",1.000080370146201
"DateObject[{2022, 8, 11, 0, 0, 0}, ""Instant"", ""Gregorian"", 1.]",0.9999644937734709
"DateObject[{2022, 8, 18, 0, 0, 0}, ""Instant"", ""Gregorian"", 1.]",0.9998488156395017
"DateObject[{2022, 8, 25, 0, 0, 0}, ""Instant"", ""Gregorian"", 1.]",0.9997346867883448
"DateObject[{2022, 9, 1, 0, 0, 0}, ""Instant"", ""Gregorian"", 1.]",0.9996234401694535
"DateObject[{2022, 9, 8, 0, 0, 0}, ""Instant"", ""Gregorian"", 1.]",0.9995163750697154
"DateObject[{2022, 9, 15, 0, 0, 0}, ""Instant"", ""Gregorian"", 1.]",0.9994147419386421
"DateObject[{2022, 9, 22, 0, 0, 0}, ""Instant"", ""Gregorian"", 1.]",0.9993197277839454
"DateObject[{2022, 9, 29, 0, 0, 0}, ""Instant"", ""Gregorian"", 1.]",0.9992324423080737
"DateObject[{2022, 10, 6, 0, 0, 0}, ""Instant"", ""Gregorian"", 1.]",0.9991539049476216
"DateObject[{2022, 10, 13, 0, 0, 0}, ""Instant"", ""Gregorian"", 1.]",0.9990850329669843
"DateObject[{2022, 10, 20, 0, 0, 0}, ""Instant"", ""Gregorian"", 1.]",0.9990266307453176
"DateObject[{2022, 10, 27, 0, 0, 0}, ""Instant"", ""Gregorian"", 1.]",0.9989793803819211
"DateObject[{2022, 11, 3, 0, 0, 0}, ""Instant"", ""Gregorian"", 1.]",0.99894383372977
"DateObject[{2022, 11, 10, 0, 0, 0}, ""Instant"", ""Gregorian"", 1.]",0.9989204059502372
"DateObject[{2022, 11, 17, 0, 0, 0}, ""Instant"", ""Gregorian"", 1.]",0.9989093706642836
"DateObject[{2022, 11, 24, 0, 0, 0}, ""Instant"", ""Gregorian"", 1.]",0.9989108567567463
"DateObject[{2022, 12, 1, 0, 0, 0}, ""Instant"", ""Gregorian"", 1.]",0.9989248468710488
"DateObject[{2022, 12, 8, 0, 0, 0}, ""Instant"", ""Gregorian"", 1.]",0.9989511776119142
"DateObject[{2022, 12, 15, 0, 0, 0}, ""Instant"", ""Gregorian"", 1.]",0.9989895414537145
"DateObject[{2022, 12, 22, 0, 0, 0}, ""Instant"", ""Gregorian"", 1.]",0.9990394903321661
"DateObject[{2022, 12, 29, 0, 0, 0}, ""Instant"", ""Gregorian"", 1.]",0.9991004408774238
"DateObject[{2023, 1, 5, 0, 0, 0}, ""Instant"", ""Gregorian"", 1.]",0.9991716812274548
"DateObject[{2023, 1, 12, 0, 0, 0}, ""Instant"", ""Gregorian"", 1.]",0.9992523793421162
"DateObject[{2023, 1, 19, 0, 0, 0}, ""Instant"", ""Gregorian"", 1.]",0.9993415927208334
"DateObject[{2023, 1, 26, 0, 0, 0}, ""Instant"", ""Gregorian"", 1.]",0.9994382794103825
"DateObject[{2023, 2, 2, 0, 0, 0}, ""Instant"", ""Gregorian"", 1.]",0.9995413101742151
"DateObject[{2023, 2, 9, 0, 0, 0}, ""Instant"", ""Gregorian"", 1.]",0.9996494816811934
"DateObject[{2023, 2, 16, 0, 0, 0}, ""Instant"", ""Gregorian"", 1.]",0.9997615305597015
"DateObject[{2023, 2, 23, 0, 0, 0}, ""Instant"", ""Gregorian"", 1.]",0.9998761481529905
"DateObject[{2023, 3, 2, 0, 0, 0}, ""Instant"", ""Gregorian"", 1.]",0.9999919958034226
"DateObject[{2023, 3, 9, 0, 0, 0}, ""Instant"", ""Gregorian"", 1.]",1.000107720487106
"DateObject[{2023, 3, 16, 0, 0, 0}, ""Instant"", ""Gregorian"", 1.]",1.00022197061632
"DateObject[{2023, 3, 23, 0, 0, 0}, ""Instant"", ""Gregorian"", 1.]",1.000333411825164
"DateObject[{2023, 3, 30, 0, 0, 0}, ""Instant"", ""Gregorian"", 1.]",1.0004407425540682
"DateObject[{2023, 4, 6, 0, 0, 0}, ""Instant"", ""Gregorian"", 1.]",1.0005427092511485
"DateObject[{2023, 4, 13, 0, 0, 0}, ""Instant"", ""Gregorian"", 1.]",1.0006381210128625
"DateObject[{2023, 4, 20, 0, 0, 0}, ""Instant"", ""Gregorian"", 1.]",1.0007258634929752
"DateObject[{2023, 4, 27, 0, 0, 0}, ""Instant"", ""Gregorian"", 1.]",1.0008049119173847
"DateObject[{2023, 5, 4, 0, 0, 0}, ""Instant"", ""Gregorian"", 1.]",1.0008743430528073
"DateObject[{2023, 5, 11, 0, 0, 0}, ""Instant"", ""Gregorian"", 1.]",1.000933345989529
"DateObject[{2023, 5, 18, 0, 0, 0}, ""Instant"", ""Gregorian"", 1.]",1.0009812316122964
"DateObject[{2023, 5, 25, 0, 0, 0}, ""Instant"", ""Gregorian"", 1.]",1.0010174406487247
"DateObject[{2023, 6, 1, 0, 0, 0}, ""Instant"", ""Gregorian"", 1.]",1.0010415502012313
"DateObject[{2023, 6, 8, 0, 0, 0}, ""Instant"", ""Gregorian"", 1.]",1.0010532786861979
"DateObject[{2023, 6, 15, 0, 0, 0}, ""Instant"", ""Gregorian"", 1.]",1.001052489122682
"DateObject[{2023, 6, 22, 0, 0, 0}, ""Instant"", ""Gregorian"", 1.]",1.0010391907322629
"DateObject[{2023, 6, 29, 0, 0, 0}, ""Instant"", ""Gregorian"", 1.]",1.00101353883134
