FID,LAD22CD,LAD22NM,BNG_E,BNG_N,LONG,LAT,Shape__Area,Shape__Length,GlobalID
1,E06000001,Hartlepool,447160,531474,-1.27018,54.67614,93717028.4689178,70995.1737762769,72a8f681-cab0-47eb-9edf-1f385b6a41e8
2,E06000002,Middlesbrough,451141,516887,-1.21099,54.54467,53881558.2759247,44479.6463704945,652d814e-8740-4364-8c0d-45d14b5c198a
3,E06000003,Redcar and Cleveland,464361,519597,-1.00608,54.56752,245069510.006897,96703.5106544218,41714a40-41c3-491f-b4f8-851090431390
4,E06000004,Stockton-on-Tees,444940,518183,-1.30664,54.55691,204932934.937302,123404.959102325,cd881fc0-7ad0-45bf-8d51-f981fa87c260
5,E06000005,Darlington,428029,515648,-1.56835,54.53534,197477753.555023,107202.299425244,0dbb1dbd-fae2-43e9-bb54-51251110bd8b
6,E06000006,Halton,354246,382146,-2.68853,53.33424,79084021.970459,77769.8366156168,f72afb7e-d1b8-41c0-afa6-74e5596d7c66
7,E06000007,Warrington,362744,388456,-2.56167,53.39163,180627983.012016,114688.093563908,de8e58db-3268-47b3-8c51-7d4967cdfdc2
8,E06000008,Blackburn with Darwen,369490,422806,-2.4636,53.7008,137022093.525848,65284.3735150369,75bc8fa1-33b0-4c2a-b6b6-5281f1ef408a
9,E06000009,Blackpool,332819,436635,-3.02199,53.82164,34870852.2283325,34480.7839275111,e359e46a-a790-4953-890b-8f78bd3223a6
10,E06000010,"Kingston upon Hull, City of",511894,431650,-0.30382,53.7692,71583595.6552734,64680.530906749,eba9f59c-303c-4fa5-91e0-dfc788936817
11,E06000011,East Riding of Yorkshire,488056,443597,-0.66195,53.88112,2404768954.86182,504120.094305933,c702ee8f-c3d7-462a-973c-cffe93bbf87c
12,E06000012,North East Lincolnshire,523465,404564,-0.13911,53.52327,192622985.584915,93246.2876540841,de9e8422-b2fc-42ee-b3dd-66ae2cd71031
13,E06000013,North Lincolnshire,497800,410993,-0.52407,53.58643,846540125.376923,244546.761114545,2579e7ac-2ac4-495a-a802-3db67b0d72da
14,E06000014,York,460864,452589,-1.07375,53.96582,271931454.715424,102020.797435209,0c0c2ad9-58ef-4909-81de-bc66755a14c9
15,E06000015,Derby,435609,335375,-1.47189,52.91464,78031107.3557892,50036.3185804889,41ab4a9f-5baf-4f32-b038-3155b48da990
16,E06000016,Leicester,458946,304594,-1.1304,52.63592,73342034.1657257,51929.4942082033,a9102673-54c8-43a6-86fe-70ca40fe7560
17,E06000017,Rutland,492992,308655,-0.6263,52.66765,393748938.333481,125879.320087916,da03c6e1-2bb0-4ca0-86e6-571f4ddd6a84
18,E06000018,Nottingham,456082,339969,-1.16667,52.95419,74613549.3099365,58723.7427401093,8a8ef39a-e5df-416b-af38-cb2e34dc0d71
19,E06000019,"Herefordshire, County of",349434,242834,-2.73931,52.08154,2179708317.85796,349869.988254535,67017f33-26c5-426f-936e-afe8479dda89
20,E06000020,Telford and Wrekin,367035,313057,-2.48941,52.71417,290313536.554543,118775.749483715,a1a02888-49b8-49c2-a9c5-04f180f5d45b
21,E06000021,Stoke-on-Trent,389438,346652,-2.15888,53.01707,93448551.6496658,63971.3417170554,ead3399b-9d87-43f4-83b2-cadb333ffaef
22,E06000022,Bath and North East Somerset,366217,161999,-2.48654,51.35604,351123167.510914,141674.070852301,c2327dc8-d0d1-4364-9459-65805586d11e
23,E06000023,"Bristol, City of",359990,174846,-2.57742,51.47115,109666892.551918,109531.617064517,c8206ff3-034e-4229-b40b-9937e8f68323
24,E06000024,North Somerset,347614,166718,-2.75438,51.39706,374637219.77409,154748.225043695,f9db36f1-9176-498d-8288-edf86445e9e7
25,E06000025,South Gloucestershire,367559,183198,-2.46922,51.54673,497050998.431568,143098.847233425,4accbd8c-f467-4f11-9afa-ce85441337b2
26,E06000026,Plymouth,249945,58255,-4.11297,50.40494,79849695.3191061,92644.2442555715,ba07217c-d1e1-4456-a688-c919af99783b
27,E06000027,Torbay,289730,64613,-3.55523,50.47092,62886738.7989531,77909.5315513595,e1edcd2e-082c-4f90-b067-56bfcbff0744
28,E06000030,Swindon,418551,186564,-1.73367,51.57763,230093343.90052,103011.758683882,1347d848-06e1-4b7b-bba1-8ab4c1fcdc99
29,E06000031,Peterborough,517372,300777,-0.26874,52.59214,343378153.586609,112674.360200151,89ee7f76-0d10-43ea-87fe-88d81bcfb9ac
30,E06000032,Luton,508606,222559,-0.42319,51.89102,43352485.6740799,34569.1847138739,f3461b46-85f9-4dc1-8e1f-3b46724a6cbe
31,E06000033,Southend-on-Sea,587777,186837,0.706923,51.54917,41673985.9965286,57782.8327652349,c94a5291-20b3-407b-b6b8-dad1e95ed5e3
32,E06000034,Thurrock,562123,181590,0.334861,51.50998,163837060.033562,115990.648083053,0dc0632a-56d6-40f5-919f-236110bd7f77
33,E06000035,Medway,578207,175198,0.563174,51.44772,193714210.347961,249512.121639654,93b94cc9-af41-4dd7-a699-888b06e09bda
34,E06000036,Bracknell Forest,488169,168792,-0.73363,51.4113,109384217.921951,62507.6688894678,61bb0643-99cf-443b-b0c0-f0b33488b6b4
35,E06000037,West Berkshire,450575,172095,-1.27364,51.44559,704182731.436508,166818.256909513,a098174d-67af-4905-89c2-10ecef38433d
36,E06000038,Reading,470226,173154,-0.99071,51.45302,40397937.1150055,39327.6361285706,3af16eb3-773d-4027-b7f0-1cb1c33af813
37,E06000039,Slough,498920,179246,-0.57617,51.5035,32542015.6781998,44179.9803340002,559d0edf-9225-4480-b108-8718a12606e0
38,E06000040,Windsor and Maidenhead,492079,176541,-0.67541,51.48034,198427158.641678,114827.85425453,c9cbe396-c98f-41c0-9c50-c254b6709ea8
39,E06000041,Wokingham,476624,169902,-0.89935,51.42296,178969062.886101,86869.6892364658,48f35791-3f06-46b3-83ea-17eba1843cd4
40,E06000042,Milton Keynes,486408,242308,-0.7407,52.07241,308626721.690674,102957.957280917,28320d51-85d3-43ac-8b16-7112a8473852
41,E06000043,Brighton and Hove,530279,106850,-0.15079,50.8465,82832986.3240891,59517.9984461413,7015531b-e1d5-48c1-93a9-a2c7d618fee9
42,E06000044,Portsmouth,465619,101352,-1.07006,50.808,40381702.3692169,62708.2022736547,5f60d22d-c345-4413-89d3-8dc62ccf4313
43,E06000045,Southampton,442303,113700,-1.39952,50.9212,49880631.5834122,61542.7955829543,0ee39973-10a5-4870-b778-5a4d8264d21b
44,E06000046,Isle of Wight,447183,85949,-1.33366,50.67129,379620110.286783,210137.73230538,9566cfe3-bb95-4ef3-9fda-22dfabc5cad1
45,E06000047,County Durham,410381,532242,-1.8405,54.68513,2231432414.12584,315226.483631744,43719f08-edae-4b70-92a3-d227c6754efc
46,E06000049,Cheshire East,380510,363462,-2.29299,53.16793,1166357340.22478,301202.123887001,38704669-d909-49f2-895b-f290034e22ac
47,E06000050,Cheshire West and Chester,353097,363145,-2.70298,53.16336,920018024.621178,335602.059504914,28d5f8b7-2d05-4830-a6d8-b46d057843be
48,E06000051,Shropshire,350227,302960,-2.73667,52.62212,3197275322.15964,580599.506306279,77f50bee-cca7-4335-aade-eece3675705f
49,E06000052,Cornwall,212497,64493,-4.64254,50.45022,3548939126.92263,1241696.51353641,7d8eb2c5-6114-44e0-95c8-1f350b89c34f
50,E06000053,Isles of Scilly,91327,11447,-6.30217,49.92332,16317752.1032921,117979.163844593,ff3bfafa-c381-456e-8933-bb0a2c705297
51,E06000054,Wiltshire,405209,158863,-1.92661,51.32883,3255338105.52649,401997.073738198,0e55782f-0c48-42ec-be0f-79468f0db5d9
52,E06000055,Bedford,505721,256463,-0.45463,52.19628,476408313.581512,131719.277394327,96b1d27d-bfd7-4c7f-a5ba-c7171a9bc1ff
53,E06000056,Central Bedfordshire,504615,234492,-0.47754,51.99903,715665436.200249,232685.180099795,339d0e31-a527-41f5-a4f2-4521f3863adc
54,E06000057,Northumberland,395322,600700,-2.07523,55.30038,5032312670.59779,606236.97163611,6567d223-2283-4553-b8eb-5d3dfc535402
55,E06000058,"Bournemouth, Christchurch and Poole",410815,94066,-1.84807,50.74609,162070069.443581,169170.190930922,96e2e638-ae76-43d3-98d1-40ccd6bda5f8
56,E06000059,Dorset,370871,99796,-2.41467,50.79697,2490956549.68954,594350.704732187,2fbbf84a-a23c-4b2c-b24c-636e2454f285
57,E06000060,Buckinghamshire,482506,208561,-0.80569,51.76966,1564937984.73737,361907.474854908,cfe07446-4c39-4423-9a3b-4e5afcf4f193
58,E06000061,North Northamptonshire,493590,281718,-0.62504,52.42546,986594539.219704,210624.116197611,f9ac300a-825f-45a9-aa61-bf2bffb69c55
59,E06000062,West Northamptonshire,467187,263879,-1.01682,52.26898,1380395590.74594,263780.515769498,01d94e37-493a-46a1-9f19-840d1e12018c
60,E07000008,Cambridge,545420,257901,0.126436,52.20017,40698821.5531006,37169.1755199722,93d43fdd-efbf-435e-a6c9-4d6fe1b92ae1
61,E07000009,East Cambridgeshire,555576,275765,0.283149,52.35788,651285998.080215,234186.37804255,cb56376d-2b26-432a-9478-2e9674ed6cda
62,E07000010,Fenland,536361,294959,0.009016,52.53544,546450116.18045,187880.713056672,4549d9a4-3532-40d5-8688-5e605ce37f55
63,E07000011,Huntingdonshire,521008,274269,-0.2247,52.35315,912455230.935448,223334.105789929,cbca2914-122c-4691-8851-5cff2c1d4234
64,E07000012,South Cambridgeshire,543295,247586,0.091017,52.10805,901624749.081009,257074.63199472,7d372ba6-dd4f-49f9-990a-fd08e17a2e7e
65,E07000026,Allerdale,317520,532997,-3.2809,54.68524,1258309894.67578,326487.424636605,afc5cf2e-a8c1-4b0c-abc6-8b5a72595a86
66,E07000027,Barrow-in-Furness,321741,474165,-3.1999,54.15731,77897003.596817,146479.945788182,815b3945-6b19-4ef1-ba9a-1aec48fc2186
67,E07000028,Carlisle,348576,565154,-2.80498,54.97833,1038296843.15015,278387.275851956,de0b7f58-bf86-47e0-acd3-c79dbefbe393
68,E07000029,Copeland,310871,508739,-3.37664,54.46617,737632415.012833,252310.172150818,86eebdf2-6cdc-45a9-88cd-5a1083298520
69,E07000030,Eden,359636,526396,-2.62678,54.63107,2156479430.46436,268766.165774266,403b9134-a29a-481b-ab07-cf4b62aa7541
70,E07000031,South Lakeland,349265,489555,-2.78108,54.29908,1554926499.52023,381791.631485935,560d2098-226e-4d0c-8743-3991dc6ae042
71,E07000032,Amber Valley,436166,348084,-1.46219,53.02884,265437895.569733,109015.606044319,34b45b5f-645c-46a3-a1eb-2ad21b789e9a
72,E07000033,Bolsover,448666,371548,-1.27228,53.23875,160334643.513474,96233.3664932635,66718c22-71f6-4d7b-8037-76594aca2009
73,E07000034,Chesterfield,440049,373359,-1.40115,53.25575,66035323.1428528,52615.4706045034,e17e4ad2-5336-4a2b-bf56-d72c0f9b87d9
74,E07000035,Derbyshire Dales,419697,358493,-1.70711,53.12326,795318009.745445,245455.056178363,cfafd25b-7869-44b7-9dc5-d7a18595c003
75,E07000036,Erewash,443721,338063,-1.3509,52.9382,109630039.364151,73544.8394314227,fc689f4d-5a8e-4857-90a3-9f77632ad33c
76,E07000037,High Peak,410474,387660,-1.84398,53.38569,540254001.172287,159628.494883945,f54dc4ad-fb2b-4038-a25f-674c87673140
77,E07000038,North East Derbyshire,437369,362955,-1.44253,53.16243,275623494.267426,161225.071207051,b10e3dcb-f863-414b-bae6-166674e848f2
78,E07000039,South Derbyshire,431443,325363,-1.5348,52.8249,338126978.455208,166687.786160215,cf61209a-1017-446a-8c45-108dbb144a3d
79,E07000040,East Devon,313787,96051,-3.22364,50.75761,814238085.476988,219898.795348358,f9a98305-6e97-4fdc-838f-0a8810eb2fa1
80,E07000041,Exeter,293239,92005,-3.51368,50.71782,47033060.6327896,50236.9824915719,7619929d-7e8b-47c2-8996-e9404499f4b6
81,E07000042,Mid Devon,288064,108911,-3.59212,50.86882,912900687.437094,246619.14811547,c55eb9a2-b488-4fcc-9808-63e5cf964baa
82,E07000043,North Devon,265110,132532,-3.92691,51.07621,1085892202.46388,321506.402041659,3877bf66-b89a-43f4-a0f0-732dc59ebae0
83,E07000044,South Hams,270676,54036,-3.81996,50.37195,886546852.068371,478785.950013974,f73dfc0f-b2ec-4bc7-8ba7-38a2ae56afd7
84,E07000045,Teignbridge,283144,80205,-3.65289,50.60981,673759624.001635,191462.662144763,92c522c5-7455-4688-afa8-ed9e126acc70
85,E07000046,Torridge,244206,114334,-4.21728,50.90739,985260246.945179,316896.681147026,c89048c8-7a36-4846-a425-7f606d9c9576
86,E07000047,West Devon,256376,86990,-4.03361,50.66481,1161110790.80115,254084.548041845,3c0afab8-aa7a-4e5a-bac1-819a3c07a8b1
87,E07000061,Eastbourne,559339,99575,0.258516,50.77387,44161445.7946434,38031.9095181751,59fd19f1-541b-484e-b6c7-a8da875b56fa
88,E07000062,Hastings,581528,110694,0.578395,50.86724,29796100.2023735,34101.6320304622,22993954-e9a1-4dfa-b550-bd9d2904d802
89,E07000063,Lewes,541474,105686,0.007671,50.83341,292106824.947899,168355.61556881,6f0dd609-05e0-43eb-9be1-dc286f78f74e
90,E07000064,Rother,578721,119666,0.542937,50.94871,511753821.206711,180525.083767321,09c1bc56-fd00-4471-9672-ba67f37880f8
91,E07000065,Wealden,555048,117180,0.205156,50.93322,834948480.554298,225861.743423267,c4d37a1d-47db-46b1-ab7f-689d3f1ec94f
92,E07000066,Basildon,571548,190848,0.475055,51.59036,110001020.082626,85629.1291694682,1c8ccd9d-9300-4963-911d-31a945020083
93,E07000067,Braintree,577253,227335,0.575911,51.91634,611708022.086105,168682.860674143,bba03772-7036-40d3-b8bf-171152009a0d
94,E07000068,Brentwood,558560,196070,0.290091,51.64108,153124041.91967,72338.721114412,0a258d2d-0340-4a69-947e-63db7e9641a0
95,E07000069,Castle Point,579490,187920,0.588084,51.56159,44673534.0900345,163436.439279142,82a56f71-2b41-4c92-ac06-a84d573d4327
96,E07000070,Chelmsford,572116,206972,0.491177,51.73503,342227524.020721,126392.216101991,76aa7cd8-fadb-4090-89f2-b4e796d6ed8a
97,E07000071,Colchester,596944,223693,0.859777,51.87702,332325207.81015,318166.219922529,da48cde9-a07b-4745-a7ce-bf65a69a9911
98,E07000072,Epping Forest,548919,203759,0.154147,51.7128,338984118.261093,123269.197706998,6c7b6825-f6cf-4e42-ad03-88148ef209ad
99,E07000073,Harlow,545276,209589,0.103888,51.76614,30537927.558403,28513.3707443894,414d6ba0-9c3f-4af3-8271-97f900acb102
100,E07000074,Maldon,591413,212072,0.773106,51.77458,357815646.392914,469755.638206894,9054235d-0df7-41ec-a8b4-4666106a08a7
101,E07000075,Rochford,585979,191417,0.683442,51.5909,167092773.086838,234542.198085804,4af7dede-89e8-4cd7-80f7-e93a016b3e28
102,E07000076,Tendring,614190,222141,1.108981,51.85674,336324365.655441,442534.709440991,5e002e4f-583e-4c12-ba99-fac695aa9f61
103,E07000077,Uttlesford,557832,228865,0.294485,51.93592,641182884.0028,166503.257259225,32e7559e-8e72-4448-9149-79bc0f33ced1
104,E07000078,Cheltenham,394925,222232,-2.07515,51.89861,46596063.962883,38220.6903355067,65646d11-d7a1-4888-851c-d938dad95738
105,E07000079,Cotswold,402125,208209,-1.97059,51.77255,1164524434.81,332430.632142207,33e21cbf-f1e4-4aa0-89c5-7b4c2728cd09
106,E07000080,Forest of Dean,367175,212759,-2.47755,51.81249,525902205.293377,190123.946392423,6c9c1fe4-a786-413e-ace5-4fc753e3bdd1
107,E07000081,Gloucester,384071,216449,-2.23263,51.84641,40553067.1238632,33535.1384359469,9f56b703-fcf3-4681-84b9-9a290b0dd821
108,E07000082,Stroud,378807,202410,-2.30818,51.72001,460541932.840958,172776.05769481,e8321549-d0cd-4f33-a5bb-f38eea91126c
109,E07000083,Tewkesbury,386347,226279,-2.19998,51.93485,414414331.620384,204816.828317149,d899ef06-df1c-42f1-9183-58fc371175a8
110,E07000084,Basingstoke and Deane,454508,151423,-1.22021,51.25937,633808768.307358,143445.561610085,661417a3-7f56-4032-8faa-00cf1c02a8b5
111,E07000085,East Hampshire,474405,129237,-0.9397,51.05765,514427244.742657,144529.50155922,ffded33a-351d-439f-8333-bdc440b0653d
112,E07000086,Eastleigh,447199,116807,-1.32947,50.94876,79691534.0207672,75969.3701259384,13e45bae-b3e3-480e-9226-c48635c96fbd
113,E07000087,Fareham,453774,106319,-1.23742,50.85388,74252568.8639069,66391.3182765974,585602f9-aa44-4858-8b52-05377aecbaf1
114,E07000088,Gosport,458769,101088,-1.16731,50.80636,25373863.5987015,40198.9526446878,d72cd8ee-cea3-426b-a60c-ee0daf3a1b0a
115,E07000089,Hart,477985,154240,-0.88321,51.28197,215265062.888855,77846.4171414185,84e297e8-714b-4910-9600-8d35ffb527aa
116,E07000090,Havant,470178,108564,-1.00398,50.87231,55740863.552475,115656.001782131,0c08807a-ff17-4d65-80f1-ec1c33bfd0bc
117,E07000091,New Forest,428748,106521,-1.59293,50.85748,752175282.793148,332040.78546347,b7993112-9a60-4caf-97d1-da501ce395ae
118,E07000092,Rushmoor,486022,153944,-0.76807,51.27815,39045031.351738,31890.6799933273,f894e484-f9d4-432c-96fe-a5f00fb5f962
119,E07000093,Test Valley,434930,137329,-1.50214,51.13417,627605428.903973,190861.039845632,8d983f41-5505-48f6-9652-07f7650066c9
120,E07000094,Winchester,453115,125901,-1.24393,51.03002,660970784.217972,172284.74960649,9d1956a1-1401-42fc-9654-bd9d9e8b65ee
121,E07000095,Broxbourne,534742,204251,-0.05073,51.7208,51442323.4619751,39066.0781406614,7e5c33c1-a033-444b-a291-2c5ce9ae3ef8
122,E07000096,Dacorum,500084,208745,-0.55098,51.76845,212476384.667572,110099.851922617,bc53ac9e-ef90-4825-9576-db0694c0907a
123,E07000098,Hertsmere,519774,199352,-0.26899,51.68017,101128118.175667,61226.9755336206,713a214e-be28-44cb-b6eb-2062dc3cfe53
124,E07000099,North Hertfordshire,522191,230255,-0.22315,51.95737,375382263.828629,168304.522402386,b79289b7-3887-44ee-a17e-2223e770455d
125,E07000102,Three Rivers,507313,196418,-0.45005,51.65632,88824130.6230011,74110.379284116,ba9f9fee-c6cc-4d26-9877-aec436f29150
126,E07000103,Watford,510441,198197,-0.40429,51.6717,21430353.2294617,26390.2208397151,80ec3ca7-2a87-433c-b0f1-13888635e93a
127,E07000105,Ashford,597640,140644,0.823374,51.13096,580617311.897118,149444.582577307,a29a867a-cc80-420b-b4ed-39982ef03730
128,E07000106,Canterbury,616032,158096,1.096342,51.28102,308752611.633759,134480.530270857,ff7a952f-f884-4dbf-ae99-e42139b7cc31
129,E07000107,Dartford,556167,172917,0.245276,51.43373,72725607.8161087,57308.8677406833,8bcfe0d4-0e95-408a-91b9-94e272dc7892
130,E07000108,Dover,628964,150942,1.276887,51.21176,315337913.662262,148158.331321105,8229a18f-3ddc-4ff7-8517-cb716a9290dc
131,E07000109,Gravesham,566969,169114,0.398744,51.39649,98991343.5061035,60514.4099095587,e54afe80-1065-4785-b3ff-e1455bb3b48a
132,E07000110,Maidstone,580489,151670,0.584061,51.23566,393329500.961746,122978.78174292,f9834463-80c8-4516-8805-dc07c72aa920
133,E07000111,Sevenoaks,552776,155218,0.188936,51.27563,370347002.872887,134424.857442803,3c0d90a7-f07b-4a91-97f8-7e6a1d9ea131
134,E07000112,Folkestone and Hythe,610318,134595,1.000795,51.07213,356921043.861404,148967.53012936,1ffca718-c46d-4aa6-96f9-a91731be72e3
135,E07000113,Swale,593583,161818,0.776893,51.32251,373436666.723366,347822.333690706,a1169d3a-d242-42db-aeba-644cce6ebe90
136,E07000114,Thanet,631839,166752,1.328226,51.35252,103609162.256866,65351.0575122022,c5462863-8e6e-4131-b807-038027496f7e
137,E07000115,Tonbridge and Malling,564014,153898,0.349306,51.26064,240114170.735138,133207.598464157,68f5dc60-288f-4c37-b5db-59bcbb4ff855
138,E07000116,Tunbridge Wells,573139,136599,0.471632,51.10254,331328785.658195,150582.555352952,1bdeb9ff-a8b1-4946-a700-f62a26859643
139,E07000117,Burnley,384886,430882,-2.2308,53.77406,110683988.566406,57758.3849479255,67ec5f3c-d4e9-4a39-b0c9-9f16f5062e7d
140,E07000118,Chorley,359189,419724,-2.61921,53.6724,202762183.401443,114512.346233295,93e21a0a-70dd-4d59-8304-e954c7fa2170
141,E07000119,Fylde,339554,433811,-2.91914,53.79709,165697311.171219,138362.744300761,e110dcbc-34d0-464b-a2d8-43515e93e869
142,E07000120,Hyndburn,374407,428971,-2.38964,53.75648,73006531.9950256,42725.5895458216,f38b6ef5-b7e3-48dd-91ea-ef1f07d5866b
143,E07000121,Lancaster,356896,464988,-2.6603,54.07901,566931388.429276,345316.924214594,fb302f28-293e-4fa9-b1aa-9ee07176de16
144,E07000122,Pendle,387637,443368,-2.18957,53.88636,169380123.60495,79240.7874487146,d20bc8a4-d165-4b49-9b06-b06638c36efa
145,E07000123,Preston,352825,436432,-2.71809,53.82202,142284174.215057,82800.2153872617,27a0feac-ee6c-40f2-8cfe-c3d809455d0d
146,E07000124,Ribble Valley,372687,447676,-2.4174,53.9245,584462410.81546,150567.848726777,135ac7ac-a4f9-47ef-ae3a-0e0be8e0ba59
147,E07000125,Rossendale,382827,420955,-2.26149,53.68478,138040945.395981,71146.5805886302,a3a4e031-0908-43dc-abb5-418cae023f55
148,E07000126,South Ribble,352017,425840,-2.72871,53.72675,113141836.473007,105349.841184343,4a6f4017-a8cd-4aa7-a245-f3a721d979cf
149,E07000127,West Lancashire,342611,413270,-2.86893,53.61283,346632972.355667,227318.107045886,ff9ce96d-8a1e-4d96-86e7-7f8cc312a291
150,E07000128,Wyre,347295,445159,-2.80359,53.89991,282164343.394623,212915.423835105,29aded43-41e1-4a4b-9954-4849aa151a7e
151,E07000129,Blaby,454385,297994,-1.19887,52.57706,130468683.748283,100814.853323911,2226675f-f0b1-493b-80f9-ea4dc15477b5
152,E07000130,Charnwood,458365,316155,-1.13694,52.7399,279042271.32692,115467.998574257,f78b3ce5-97b1-45d0-84cb-ac34c2d2b38e
153,E07000131,Harborough,474549,293875,-0.90229,52.53766,592692009.022011,185943.110691819,3f23a66a-cfdf-4585-b7cc-5e76deaeff9c
154,E07000132,Hinckley and Bosworth,439538,301379,-1.41755,52.60877,297351522.794861,111542.038513824,cec4a403-cad8-4598-afbf-c2ee70136527
155,E07000133,Melton,477328,323472,-0.8544,52.80329,481380450.704636,140624.572169108,d9062c53-0be0-4219-b3d9-84bfa0d9813e
156,E07000134,North West Leicestershire,439111,316252,-1.42209,52.7425,279328099.664093,116450.135016811,180262c2-0a65-4e94-932a-0eaace4cdda9
157,E07000135,Oadby and Wigston,461543,299379,-1.093,52.58875,23526168.5615234,31168.1447108195,f3c01e04-275c-4ace-b1de-fea427a0ab8b
158,E07000136,Boston,526851,343953,-0.11218,52.97794,364008505.483185,440525.756968777,fd3c87f4-05f6-476a-a9c3-744921f9e227
159,E07000137,East Lindsey,534861,376064,0.020516,53.26446,1766773262.65205,373174.569529616,9b0853ef-3902-4d69-9405-a7774a87b965
160,E07000138,Lincoln,496347,370096,-0.55848,53.21921,35690262.1727448,32968.7309952948,c9b515a3-c718-430c-98dc-e23927ddea17
161,E07000139,North Kesteven,502135,354788,-0.4767,53.08058,922471413.921478,181805.062441591,7f951cf1-223c-4c0b-9ad9-e2cf2e26a940
162,E07000140,South Holland,532910,322928,-0.03057,52.78758,750076198.639008,438382.414635444,99942c09-f04c-42a2-8caa-52209fef4a5e
163,E07000141,South Kesteven,501406,328986,-0.49565,52.84885,942585741.048859,209809.642173754,965bf2d8-1b88-42c1-bf3f-42094acfee4f
164,E07000142,West Lindsey,499314,390326,-0.50774,53.40044,1155731948.82578,249626.336213677,9bb457d7-0d1d-4b6c-bbad-32475c218943
165,E07000143,Breckland,591015,303330,0.818716,52.59421,1305116636.27957,239522.366983952,e0341f16-f084-4c06-af57-3c1c0c8340c9
166,E07000144,Broadland,619864,315909,1.252317,52.69622,552060685.638245,219123.105970655,d131dd8f-4d7e-4fcb-9998-653fd90d445b
167,E07000145,Great Yarmouth,646761,315881,1.64951,52.68439,174314084.185471,145906.026155804,e98c3896-707b-4b5b-8d14-35aa9bb53e88
168,E07000146,King's Lynn and West Norfolk,571219,315805,0.533243,52.71283,1439522769.9068,695919.962988732,aa62f4c0-d4b4-484f-acf0-86e8b2c342f9
169,E07000147,North Norfolk,611076,330857,1.132099,52.83389,967553234.861084,600210.929292212,fafb4ad1-c274-488f-9b26-fd75b72b4308
170,E07000148,Norwich,622355,309773,1.284979,52.64013,39021876.966095,52684.4387944125,14667aa5-ef41-4369-b7fd-b2b9328d68b8
171,E07000149,South Norfolk,628990,295823,1.373233,52.51218,907576576.146591,266869.497485678,98cbfb2d-b6d0-489d-b565-04b054bbbe7f
172,E07000163,Craven,389513,461989,-2.16168,54.05376,1178807535.3551,199881.375346452,4f21bcc0-d95e-42de-be61-bebcf7feb394
173,E07000164,Hambleton,443009,490546,-1.34049,54.30872,1311256293.98462,298682.454054928,86c9a093-01e5-4ed2-950f-0a252a7ed134
174,E07000165,Harrogate,427473,464652,-1.58161,54.07708,1309117875.80103,246981.310508245,55cf4a55-8591-480c-b446-6c13fde8c20b
175,E07000166,Richmondshire,401039,495786,-1.98552,54.35761,1318702662.09824,221692.587160329,9859fbe9-70f5-4a4d-b5d3-ede26fe5e0ae
176,E07000167,Ryedale,475590,478884,-0.84278,54.20016,1506530701.19722,250881.622441998,3829a4ae-3a4b-44f3-ac74-9132bac0f0ef
177,E07000168,Scarborough,495798,495548,-0.52778,54.3465,816241280.322708,242694.579503398,dad01f1d-504d-4258-b2cd-7e2c368bb9be
178,E07000169,Selby,457551,426670,-1.12908,53.73327,599315573.923569,264845.034329299,dec950c0-ea64-4082-abb5-0732c97e20a6
179,E07000170,Ashfield,450035,355843,-1.25422,53.09747,109557954.123535,69168.0549787649,0ceb94de-c790-4994-ae8f-6cee80b714fc
180,E07000171,Bassetlaw,468073,384835,-0.9787,53.35604,637803606.42421,159728.455054285,aaa0e64a-34d8-47f7-839e-88c346074bf1
181,E07000172,Broxtowe,449829,341893,-1.25944,52.9721,80098843.9173431,65996.6218856484,26e673d7-b373-4a0c-b778-5ab7b3d5ad1e
182,E07000173,Gedling,459184,347811,-1.11907,53.02434,119981502.24617,69750.8310113412,67e1a88c-ccdd-45ed-9ea3-e5b25a59c8ea
183,E07000174,Mansfield,455047,363637,-1.17804,53.16703,76696927.4926605,51089.9016277906,e1beabea-62da-4076-8c1d-daf88d384972
184,E07000175,Newark and Sherwood,470624,357451,-0.94643,53.1096,651340476.370392,187413.7482207,97945719-c18b-4c09-90d9-7464ea0da09d
185,E07000176,Rushcliffe,466606,335453,-1.01097,52.9124,409231546.466995,123321.322043074,45fc31df-363b-47d6-beb2-bcfe08460ff2
186,E07000177,Cherwell,449301,221201,-1.28506,51.8872,588745404.830795,225617.395164138,709cedc0-8119-4068-bd5b-7cc9f167d233
187,E07000178,Oxford,452277,206368,-1.24405,51.75357,45602825.5069656,34993.844626057,3cacd886-6449-4f60-818a-9ce15f505427
188,E07000179,South Oxfordshire,463890,191964,-1.07847,51.62288,678492168.0867,205550.098477864,e594dbb3-a9d8-434b-8d0e-55fea1851e66
189,E07000180,Vale of White Horse,435693,195197,-1.48543,51.65443,578679719.457848,176033.370660927,8ea6910b-adb8-4707-b4a3-c2d1f1e4156f
190,E07000181,West Oxfordshire,434343,215816,-1.50292,51.8399,714422037.287323,160237.256592195,2930369e-00fc-493b-bd17-f2fc9e2b040b
191,E07000187,Mendip,362238,144090,-2.54178,51.19476,739435455.84145,198844.392404697,0cf1d74e-a063-4025-812e-c43bf3e30b7b
192,E07000188,Sedgemoor,338429,143998,-2.88246,51.19186,564223822.301853,258005.444665784,30d9e1f3-0ed8-438f-a2f2-1e43b715b04b
193,E07000189,South Somerset,345633,120798,-2.77588,50.98399,959053025.863747,241548.032961482,5236a6ed-50f0-464b-a5a3-0fb4b619389b
194,E07000192,Cannock Chase,401261,311553,-1.98277,52.70166,78882578.3519669,50125.8394489737,17f1390a-b454-4495-9ac6-3e3c59738494
195,E07000193,East Staffordshire,412601,326569,-1.81438,52.83651,389987122.843025,183691.288895755,97071d3e-9c6a-458e-b917-378183d07f03
196,E07000194,Lichfield,416283,310967,-1.76049,52.69615,331294321.205109,127463.170739768,87e63bbc-4273-483e-b27e-142b31fc2582
197,E07000195,Newcastle-under-Lyme,378199,345174,-2.32631,53.00345,210957295.971909,108251.653778863,dd8638b3-cad4-42eb-b741-49c20b7aced4
198,E07000196,South Staffordshire,389625,311037,-2.15495,52.69692,407322353.328491,184884.661607311,b1a6e191-b0be-405a-b7e6-8cde29074836
199,E07000197,Stafford,389001,327836,-2.16475,52.84792,598172189.401169,159072.547255002,d8e14505-560e-4a33-b0fd-8301d5f61a0c
200,E07000198,Staffordshire Moorlands,400543,352443,-1.99334,53.06924,575849809.00811,152441.966463739,a874877d-fcc7-4442-ba0f-f2791aef2d75
201,E07000199,Tamworth,421455,302550,-1.68451,52.62031,30850724.0121002,30729.4523914775,8b0a2630-c022-48fe-9ae6-9c2248684ca4
202,E07000200,Babergh,599987,244692,0.916149,52.0645,595116582.503052,210443.312612023,54a7adba-c708-464f-b2a3-e9962b64ab3e
203,E07000202,Ipswich,617161,244456,1.166145,52.05592,39509771.4361115,45341.496541064,7dfc6ff0-7a41-474c-b85c-cdbbfa5b99dd
204,E07000203,Mid Suffolk,611646,262338,1.096953,52.21859,871070710.020721,191151.730303906,e6077b68-cdb9-4ffd-a6a2-3fb8bf1a29c1
205,E07000207,Elmbridge,511882,163658,-0.39441,51.36098,96334273.0766754,52204.4385998147,933e28c6-f362-4596-b158-74dfb05738b1
206,E07000208,Epsom and Ewell,521176,161475,-0.26172,51.33945,34079154.5370331,28503.8092975754,0bdd7cf0-61e0-4d4d-b41c-32f46843cf25
207,E07000209,Guildford,500408,151481,-0.56257,51.25366,270931144.02079,128412.382018558,a1d959c3-901d-472a-a341-3daa2910b251
208,E07000210,Mole Valley,518377,148953,-0.30603,51.22749,258321090.604195,105397.031980434,000c2af2-2aed-4d4f-bd08-66127e783098
209,E07000211,Reigate and Banstead,525786,152574,-0.19871,51.25846,129143817.748154,79917.0905767468,c83850fd-434e-4242-9ea2-f6f2aadc6ad8
210,E07000212,Runnymede,501777,166979,-0.53855,51.39273,78040680.6398315,45677.007524902,d5bc9af9-8f4a-4eef-8039-4efa2ab4ee14
211,E07000213,Spelthorne,507012,169622,-0.46254,51.41552,51161350.4098892,44131.1428612105,96f31b04-0fac-41b6-84ee-afb00f96db6a
212,E07000214,Surrey Heath,491362,160483,-0.68986,51.3361,95092963.0002747,53557.764578556,56ec9af4-bb02-4f6a-86b4-c7a8435356d8
213,E07000215,Tandridge,536365,150325,-0.04805,51.23581,248194582.980942,83131.8930481927,7fc26fc1-b383-4fb2-b88c-26c1f079b6d0
214,E07000216,Waverley,496363,140635,-0.62343,51.15686,345170238.491543,125428.597835176,6e102c59-0f37-4602-b196-46c109b0829c
215,E07000217,Woking,499087,157542,-0.57982,51.30837,63603608.294426,54780.2122292832,666167c6-853c-41b7-b41e-85720240fdd2
216,E07000218,North Warwickshire,425570,296399,-1.6242,52.56484,284261518.649086,113228.85783183,a1d8380d-f567-416a-ac0f-7bb981d30753
217,E07000219,Nuneaton and Bedworth,435419,289352,-1.47965,52.50094,78950267.1659927,48147.0588079889,4acff738-ddaf-4d5d-9b79-aa955faac680
218,E07000220,Rugby,446498,276244,-1.31828,52.38228,353557317.712494,115087.24363392,24652d59-ed5c-4483-8451-42dad56b4aa0
219,E07000221,Stratford-on-Avon,425019,251536,-1.63565,52.16154,977869032.994003,261369.031234585,6c844e4c-de00-4db4-8542-ac465409eb5b
220,E07000222,Warwick,428484,267113,-1.58369,52.30142,282882324.589981,116714.078810518,07aa91d5-a555-443f-8934-1a75ac5b00b8
221,E07000223,Adur,518076,106472,-0.32417,50.84572,42065500.7971153,60515.2393173462,0cfc2c87-c01d-4723-b24e-3aafc9f255a7
222,E07000224,Arun,495144,105723,-0.64999,50.84321,220991208.823517,156496.558931363,8bcf0a72-2774-47d4-9652-d136be164b17
223,E07000225,Chichester,490285,116600,-0.7163,50.94177,786194915.21093,297267.271791169,55034193-04ec-4878-82ed-20df0b8afc0d
224,E07000226,Crawley,526390,137581,-0.19533,51.12357,44971227.3985825,38798.5820994218,c276c96e-ed10-4be8-b2b7-feaf24786bce
225,E07000227,Horsham,513674,123840,-0.38126,51.00272,530278329.223454,215754.884714148,f729532c-fe85-401e-9654-30edee0b6850
226,E07000228,Mid Sussex,533054,130623,-0.10272,51.05953,334029216.736504,132901.26791811,224865be-df33-4536-bc29-294728d64837
227,E07000229,Worthing,512679,104948,-0.40127,50.8331,32521006.014946,29461.7156766559,dafee8e4-ff2c-401c-a542-8a205aff5235
228,E07000234,Bromsgrove,399840,273736,-2.00376,52.36169,216968441.120949,113128.333688222,025137ee-6342-41d6-b59e-3b7b1d3a064b
229,E07000235,Malvern Hills,377465,252197,-2.33089,52.16758,577070951.886055,230594.571309952,e06b753d-795a-4c80-90ba-ca5e2a1d700f
230,E07000236,Redditch,403705,265253,-1.9471,52.28541,54250908.2603149,41300.3373143932,1dad20e4-1067-4286-97d2-e5aef1a3b4e4
231,E07000237,Worcester,385725,255196,-2.21025,52.19482,33278111.1236725,31261.2304343563,fc70c1a7-db05-4d06-9835-3d1c3079e28c
232,E07000238,Wychavon,398991,247839,-2.01614,52.12886,663542007.469109,219510.915753207,51716edd-a58a-4bbe-80d4-c7d320cdc97f
233,E07000239,Wyre Forest,384106,276388,-2.23494,52.3853,195403730.262199,100861.152767908,5597bd74-af32-42e5-a3b1-e039f1a0db53
234,E07000240,St Albans,514580,209623,-0.3407,51.77356,161205788.992043,72941.6954485127,c01a7fcc-0b88-4677-a90d-c762ab54012e
235,E07000241,Welwyn Hatfield,525345,208467,-0.18518,51.76087,129536962.915245,82383.3616268959,e95ef546-3458-4668-bb5d-41c9d2183af7
236,E07000242,East Hertfordshire,537995,220370,0.002739,51.86485,475669142.173576,135178.027176787,ba3dd773-cba4-48d2-b4a8-98d961088376
237,E07000243,Stevenage,524622,224531,-0.18987,51.90539,25969247.2625275,28585.161430964,338eaace-af0a-41fb-97d7-9d5dd18b4fea
238,E07000244,East Suffolk,636043,266272,1.456186,52.24399,1260989491.10616,584787.924048438,fb964313-cef0-4144-ab86-6af63043ac4d
239,E07000245,West Suffolk,580944,271124,0.652769,52.30842,1034675737.77446,274539.879009978,3a21d316-67d2-4d28-bf08-e07d7cbc8c63
240,E07000246,Somerset West and Taunton,304961,130227,-3.35764,51.06348,1189066301.1416,288889.206722841,d71fc96f-a691-4fb1-9c0c-07e73ac6acfa
241,E08000001,Bolton,368352,409873,-2.47952,53.58449,139792040.674789,82643.5197746864,3a60d950-e3b0-4e91-9891-bf8983f907ea
242,E08000002,Bury,379658,410768,-2.3088,53.5931,99460098.088501,68535.7621537225,528b15a7-dba9-46fb-90c3-61505a610756
243,E08000003,Manchester,384591,397063,-2.23359,53.47009,115648443.590103,86841.9510631882,dcb3ecf1-0228-43d0-b65f-f40a4e801466
244,E08000004,Oldham,396603,406784,-2.05274,53.55768,142344867.617081,71145.2166053481,aec00095-3033-4355-baa2-cc9756355a7e
245,E08000005,Rochdale,390315,412326,-2.14784,53.60741,158128218.886078,82706.3709034793,81cb3360-1037-4a08-8d00-9572cc340ea9
246,E08000006,Salford,374556,398128,-2.38485,53.47927,97197259.633194,63262.7594028187,cbe4241a-4982-4240-b906-c29425b822dd
247,E08000007,Stockport,391806,388264,-2.12467,53.39116,126040348.490097,73631.0890907973,8c2dfca7-1bf7-49dc-af62-e37a08145b2c
248,E08000008,Tameside,394987,397995,-2.077,53.47867,103154247.722641,55973.0550571155,95523c8c-26fb-4313-a002-1e3fcfd2e02e
249,E08000009,Trafford,375790,391162,-2.36572,53.41671,106044604.785675,60714.9991313479,9e52b317-6347-4dc3-a176-35955c18729b
250,E08000010,Wigan,362136,402125,-2.57247,53.51444,188171014.795837,88682.4116794718,85a47a20-4e23-43c6-aa1b-b56d6cfe1ea5
251,E08000011,Knowsley,344762,393778,-2.83297,53.43788,86500031.7274017,68163.8832839651,7db2158e-5c07-40b4-a685-b198e1cbdd11
252,E08000012,Liverpool,339361,390553,-2.91364,53.4083,111835593.626411,62696.5993588289,8e375ba1-f796-494c-aa7f-27fd35ba249d
253,E08000013,St. Helens,353412,395992,-2.7031,53.45862,136358780.853088,76379.812216368,b14fad32-10db-48cb-9b0a-21935ba91a57
254,E08000014,Sefton,334282,398832,-2.99177,53.4821,156578258.79126,130341.257310849,85c3d178-ac0c-4228-98ed-dd63d5209a39
255,E08000015,Wirral,329110,386965,-3.06701,53.37478,160922004.907288,133924.121231149,78e074cd-b845-432a-8894-3096b521f066
256,E08000016,Barnsley,429979,403327,-1.54925,53.52577,329077576.743942,126418.480693044,61ca958e-8d32-4ffa-8512-0c8c9a426fa1
257,E08000017,Doncaster,459167,403735,-1.10894,53.52697,568006431.217484,171113.010006791,eda7055c-5212-44e8-b8ef-d04e3d66c3f3
258,E08000018,Rotherham,447542,388980,-1.28651,53.39553,286534378.866501,106146.658844867,2caebbfc-f862-4979-a5e1-9f3e4d6551b6
259,E08000019,Sheffield,430511,389736,-1.54254,53.40358,367929997.213348,132824.242952116,0c765add-7a90-4bef-982e-b212818793b6
260,E08000021,Newcastle upon Tyne,422287,569661,-1.65297,55.021,113451801.243317,65213.8280471217,f08d69da-c38a-4ed9-8be1-c860a632f93f
261,E08000022,North Tyneside,431471,570602,-1.50923,55.02896,82300621.1451874,65595.8023921869,3a55613b-0d2d-4ac2-9c0c-614487d1164a
262,E08000023,South Tyneside,435514,564057,-1.44679,54.96988,64420334.6034393,51335.0171606378,70445fbd-22e0-4fbd-bf41-0b9d5981950a
263,E08000024,Sunderland,436470,551524,-1.43344,54.85719,137436290.144424,99821.9690448938,0ff56064-9ac3-44ef-8355-3af38d9bfa17
264,E08000025,Birmingham,408150,287352,-1.88141,52.48404,267791151.73967,106250.794014248,34fdecd3-c82a-4338-a118-e6b392e247a0
265,E08000026,Coventry,432807,279689,-1.51908,52.41423,98639088.6562881,54052.4494128151,d71d1e4b-a26a-43a8-abc1-0d682829528f
266,E08000027,Dudley,393191,288584,-2.10171,52.49513,97958229.5149384,75372.2907122196,6bbbc99b-57be-4926-b609-ea9577109c7a
267,E08000028,Sandwell,399573,290764,-2.00771,52.51477,85558906.1847763,59201.6852450065,0dcd9e31-75af-4562-aa1f-1a6aaddd5a57
268,E08000029,Solihull,419434,281483,-1.71558,52.431,178282023.161247,101023.266819082,f26205bc-2fc3-4992-9e60-3a33dfe38175
269,E08000030,Walsall,402098,300804,-1.97044,52.60503,103973530.000946,59399.7390444176,e98fd454-4890-4b8e-9325-e93ffafaaf2f
270,E08000031,Wolverhampton,391463,300016,-2.12746,52.59788,69436685.1266327,56050.1278266087,7dbb88c9-5719-4175-a44e-349edbc85b34
271,E08000032,Bradford,408395,438626,-1.87389,53.84382,366419689.51532,135914.965732405,017f455a-b80d-4dfc-a5a5-10a44154fbd4
272,E08000033,Calderdale,402617,424896,-1.96182,53.72048,363960946.597305,107684.893783348,2dea710d-d177-4609-97d4-2686fe755864
273,E08000034,Kirklees,414586,416223,-1.78085,53.64233,408551667.407288,125665.908370181,a1ccd9c6-c759-4b7f-9cba-44c4dc2ee745
274,E08000035,Leeds,432528,436384,-1.50736,53.82273,551706498.093048,161516.600530211,38c424c0-f228-4082-ad49-21096b232ba7
275,E08000036,Wakefield,438366,418235,-1.42092,53.65922,338619719.483505,109444.438663069,3226264b-9fe2-4ca6-b069-6928f8a6c5d4
276,E08000037,Gateshead,420158,559652,-1.68696,54.93115,142339149.241318,90175.8152669966,b6de24a9-cd94-440a-aabd-37788c7433ce
277,E09000001,City of London,532381,181359,-0.09353,51.51565,2890318.44403076,9377.81467502522,abc6b887-b480-43de-a663-8fbcbd382bba
278,E09000002,Barking and Dagenham,547757,185111,0.129479,51.54555,36101455.4189529,40898.4282753648,41ef5b30-27be-47d5-b2f1-021eb18cb4f4
279,E09000003,Barnet,523472,191753,-0.21821,51.61108,86748227.8831329,50815.5975177389,8f667430-96bd-40e5-91ff-72ae3d15fe0c
280,E09000004,Bexley,549202,175434,0.146212,51.45822,60578408.1245193,47931.4230818983,129357e1-040c-45c0-82e3-baa021caad16
281,E09000005,Brent,519615,186468,-0.27568,51.56441,43232684.1274872,38331.001751277,80636e39-c345-411b-bcea-b1811cbb8bad
282,E09000006,Bromley,542036,165708,0.039246,51.37267,150130427.159538,76141.6277070387,cbea2ac3-a158-44fe-8f66-29c9893f321c
283,E09000007,Camden,527492,184284,-0.16289,51.54306,21789308.595253,26149.495598481,26eba89b-2944-4594-842a-e4236b83272e
284,E09000008,Croydon,533922,164745,-0.07761,51.36598,86496808.3293228,58688.2842361555,625e05ab-545e-4f25-b5b3-56622be7704b
285,E09000009,Ealing,517057,181960,-0.31407,51.52443,55544376.032196,47432.5829098616,47b21dfd-0aab-49e7-b3c5-cad1ce921158
286,E09000010,Enfield,532829,196197,-0.08147,51.64888,82200174.297287,41061.1111768429,f4877e64-4418-4ebe-b67d-d32818098ad3
287,E09000011,Greenwich,542507,175879,0.050093,51.46394,47307031.4329834,47566.9752848355,4409091e-a40d-4b01-ae80-3e3d6af84785
288,E09000012,Hackney,534560,185787,-0.06045,51.55492,19046912.9773788,25374.028868182,9f6cfb19-90ef-4650-ade2-d87255ef48a3
289,E09000013,Hammersmith and Fulham,523867,177993,-0.21735,51.48733,16403545.8968506,23966.1399241039,34858df4-4f40-4988-831b-0bcd34496a0a
290,E09000014,Haringey,531262,189349,-0.10667,51.58771,29598417.6468964,29011.100205627,944abbb0-2e9d-4dba-8e95-092365ea2358
291,E09000015,Harrow,515356,189736,-0.33603,51.59467,50463307.3829956,33734.608106147,166ca99f-a6c3-40e6-9311-d9e7871d9080
292,E09000016,Havering,555032,187514,0.235368,51.56519,112341328.142738,63706.9860246864,1491239e-a2fb-43b0-8409-52200443ae9d
293,E09000017,Hillingdon,508166,183120,-0.44182,51.53663,115700600.050133,63883.1561402854,97c8de57-36fb-4fd6-8ae1-e42500ee6054
294,E09000018,Hounslow,512742,174965,-0.37847,51.46243,55970470.8641586,64471.2436618718,8de903c8-0817-4506-84e3-6c98a9c601f7
295,E09000019,Islington,531158,184647,-0.10992,51.54548,14856680.6578674,20720.1949694478,e8ea04a2-98b3-47bc-8f4c-914f737b43fa
296,E09000020,Kensington and Chelsea,525757,179053,-0.18976,51.49644,12125528.5328598,20963.4584035467,ade7d0c9-586d-4126-90e1-250189861e90
297,E09000021,Kingston upon Thames,519508,167389,-0.28367,51.39296,37265392.9152222,37527.9493942753,6fe7d53d-f496-4142-a5ba-8882269540ac
298,E09000022,Lambeth,531117,175629,-0.11386,51.46445,26807914.5192261,33999.8604751881,4490e0bd-8e03-496a-8469-3dd80e9e9d59
299,E09000023,Lewisham,537889,173344,-0.01733,51.44231,35148365.9241028,41158.0294216116,efb4dda4-1d07-45d9-a42e-dea7d156ef4b
300,E09000024,Merton,526069,169507,-0.18867,51.41057,37624746.5277786,32340.3771201137,f90fcc72-e186-415b-9aa4-7645649c6e1e
301,E09000025,Newham,540714,183344,0.027275,51.53147,36198118.0374069,35772.3133095239,465eb1d0-a20a-462a-9e34-75f3b9886935
302,E09000026,Redbridge,543512,189477,0.070085,51.58588,56403472.4249954,50426.1191048432,8e0f9993-2031-4376-909f-079df7caa14e
303,E09000027,Richmond upon Thames,519005,172650,-0.28914,51.44035,57393447.9808273,68787.7012682714,1dc34c72-8775-4da5-96c7-c7965ffbadea
304,E09000028,Southwark,533945,175863,-0.07309,51.46589,28876525.9301224,34570.9765509178,aa4393ae-4697-472a-8e53-79c02a9393e9
305,E09000029,Sutton,527356,163640,-0.17227,51.35756,43842789.962265,39804.2153145852,323aa17d-9134-4eaf-8a13-2e39f2eabc49
306,E09000030,Tower Hamlets,536340,181452,-0.03647,51.51554,19770856.8000107,28746.8910481568,249e23f0-eb4f-49b2-86f5-69249d23d5df
307,E09000031,Waltham Forest,537327,190277,-0.01881,51.59461,38807995.9513626,33326.6907765963,99210419-359d-4f82-8b01-2932280b3563
308,E09000032,Wandsworth,525151,174138,-0.20023,51.4524,34257039.1979294,38789.7703657056,d082d7a3-4b81-4d2e-ad9c-385089683db8
309,E09000033,Westminster,528268,180870,-0.15295,51.5122,21477144.2528915,27425.6050038667,3f65a8a0-7c60-4314-a2a7-88e44b2ea78a
310,N09000001,Antrim and Newtownabbey,130813,541285,-6.1776,54.69386,728186534.01133,165066.961090158,d4f678cf-9a60-41f1-bd75-48979574c428
311,N09000002,"Armagh City, Banbridge and Craigavon",112110,508158,-6.43455,54.3867,1437068573.07787,242954.335395177,1fb1f7a1-a77d-41b2-beca-425f3d761b0d
312,N09000003,Belfast,146465,529747,-5.92535,54.59853,137716652.025108,65866.7852260913,62927b68-804d-4bd2-9f9f-f37d392ac81b
313,N09000004,Causeway Coast and Glens,106168,581420,-6.5996,55.03962,1985534670.71793,381026.18387915,396a4a92-edb3-44d1-818d-1cba407ccce5
314,N09000005,Derry City and Strabane,51779,559566,-7.42064,54.80904,1251241580.2269,271397.40327128,671bf9b6-1c0b-4ea9-91c1-23969243c287
315,N09000006,Fermanagh and Omagh,41233,513013,-7.5271,54.38521,3012114892.36445,426437.771573504,eabf08e6-ac28-48e6-8195-bc447bcb8c52
316,N09000007,Lisburn and Castlereagh,138712,518920,-6.03545,54.49752,510438048.321739,167278.148593367,34523eae-18ea-49e6-8e63-d4a7f710cae8
317,N09000008,Mid and East Antrim,133943,560151,-6.14645,54.86462,1061355460.9354,234604.730290033,c87252ba-c24d-409b-89fc-465f1ca955eb
318,N09000009,Mid Ulster,83920,528564,-6.8889,54.55273,1957293776.36245,318306.174447411,a5a831b3-7d39-4f74-a020-46ee71e01322
319,N09000010,"Newry, Mourne and Down",133006,480432,-6.08891,54.14953,1682340596.67157,379481.25491599,96b2c1d2-e086-46e0-968c-c302cde1fd2f
320,N09000011,Ards and North Down,164321,524944,-5.64568,54.56409,566472991.274521,203349.301102071,d50c2c29-818a-4989-8692-dbdb99afb5c9
321,S12000005,Clackmannanshire,291178,696402,-3.75316,56.14784,159184968.76619,96933.0750418422,1f41a9d3-061c-43d6-89e3-ce32584ca136
322,S12000006,Dumfries and Galloway,270645,579856,-4.02863,55.09621,6436567194.68687,1207331.30286274,0b3556ba-3b24-4ccf-a0df-081020e4c76a
323,S12000008,East Ayrshire,255398,624935,-4.29057,55.49674,1270345623.57393,341126.501410668,3e9bbd18-e03f-46a0-aa2d-9fb1365fa2f0
324,S12000010,East Lothian,354854,672351,-2.72435,55.94207,679240459.691589,202120.828124236,2e005a30-11f5-4fa0-9b46-012087482cec
325,S12000011,East Renfrewshire,251930,653115,-4.36058,55.74868,174247286.301239,93982.4588278508,572ad853-c23f-4122-8b22-4e350855355d
326,S12000013,Na h-Eileanan Siar,126473,932862,-6.65722,58.19938,3096614423.02372,3871025.95969535,028caa0c-a85a-4698-896b-8f590c0d164b
327,S12000014,Falkirk,285585,680170,-3.83619,56.00077,297137422.788071,169016.307883955,87afe696-df6e-4cf1-8ade-014f17c036a0
328,S12000017,Highland,241018,858292,-4.66103,57.58657,26158740580.2084,5228318.65637805,93d04278-f736-46ee-b8a9-ba3b22012ae8
329,S12000018,Inverclyde,227922,670894,-4.75387,55.9003,161948610.940994,79316.9463659007,4994fd8a-ab83-4b75-8855-63c9bd281a52
330,S12000019,Midlothian,330088,659217,-3.11738,55.82111,355272051.807449,126464.604454531,d9f158b3-8973-4330-b3be-164c21d0e697
331,S12000020,Moray,328015,843590,-3.20202,57.4768,2237555713.50238,463319.000621918,93023ec6-ad09-4d5b-8ff1-8d452e010dae
332,S12000021,North Ayrshire,228996,651640,-4.7246,55.72789,885284482.723328,350191.827776382,0ad6542b-cb2d-485f-a80f-d909447aa913
333,S12000023,Orkney Islands,348293,1006584,-2.90025,58.94334,1015036066.02127,1203102.77977173,36f9cc0f-36a3-4175-97e9-1fd849f4ba0e
334,S12000026,Scottish Borders,345889,626137,-2.85869,55.52595,4739166535.68079,514368.510110611,a1be1157-e305-46f1-8531-591874f54aa5
335,S12000027,Shetland Islands,434516,1180307,-1.37344,60.50495,1468514139.09113,2321846.76573869,034b87be-e114-4d1b-918c-936d7bfea5cf
336,S12000028,South Ayrshire,226545,596271,-4.72899,55.23008,1224367576.00628,334928.359876579,1b90aa7e-2055-40fa-824c-fc5ec8ab3060
337,S12000029,South Lanarkshire,284634,636071,-3.83272,55.60453,1773890203.27654,284613.8566307,d4739906-84f1-4141-8c06-a6ae8c72a003
338,S12000030,Stirling,255980,708769,-4.32595,56.24953,2252534182.27551,374959.25805914,5cb35ab6-65c0-4028-8913-56601eb8b09e
339,S12000033,Aberdeen City,387763,808479,-2.20398,57.16697,185571286.389832,123488.10079458,4a532259-8197-49c2-9e0a-84a3285a8668
340,S12000034,Aberdeenshire,352284,816277,-2.79208,57.23469,6318005998.97935,795098.949301964,e8e812f4-1fec-4a63-bd81-76cf6ffd3d57
341,S12000035,Argyll and Bute,200740,715443,-5.22114,56.28944,7005856181.79671,3795934.4124369,931c7091-ae83-4b2d-8eb7-56757d85e589
342,S12000036,City of Edinburgh,320193,669417,-3.27826,55.9112,263395003.679382,110355.561123041,3f6aeca6-675e-41f3-bf1d-ed3453c0a87c
343,S12000038,Renfrewshire,239305,664698,-4.56834,55.84862,261490836.761856,131745.446686221,17d3814c-389d-41e2-99c5-9ca57a7ba2f1
344,S12000039,West Dunbartonshire,242904,681586,-4.52074,56.0014,177319583.18425,103710.998122334,ab7065da-380c-4517-b202-da35d07fb2eb
345,S12000040,West Lothian,299483,668514,-3.60909,55.8992,428769481.686554,134930.310291464,7d02bcde-bcf7-453d-b927-1267ab35c19c
346,S12000041,Angus,345506,759636,-2.8921,56.72518,2184982978.68718,328940.561902964,c670f638-a2c7-445b-b649-c67d6331c0f4
347,S12000042,Dundee City,340291,732145,-2.97095,56.4776,59800679.97612,47831.2069158876,7e71ef24-3447-44d9-b4cc-e1a57d4a7e11
348,S12000045,East Dunbartonshire,261240,676154,-4.22417,55.95829,174489033.610092,99592.6325879833,b369ce46-0d10-4012-ae4d-2f7b87767af5
349,S12000047,Fife,339187,704721,-2.98251,56.23112,1325190262.60379,358324.912814313,c15f98ae-03f5-4e78-9379-fbdbcd9840c6
350,S12000048,Perth and Kinross,284302,744185,-3.88484,56.57528,5383770929.93335,633248.172986055,9cc6a172-c952-4144-aa00-1624937e882e
351,S12000049,Glasgow City,261534,667033,-4.21479,55.87649,174622045.629852,135573.393985495,6bf7080d-46a9-487c-a507-5f92cdc0786c
352,S12000050,North Lanarkshire,277984,665608,-3.9514,55.86814,472298223.955948,163983.319889321,217dc1ac-917f-4c14-9320-e720e2c23d70
353,W06000001,Isle of Anglesey,245217,378331,-4.32298,53.27931,715212551.920387,378960.671414204,7596f72e-7d58-42ae-b824-5a4863e141bd
354,W06000002,Gwynedd,280555,334966,-3.77715,52.89883,2548292895.11299,643030.305858802,2db35c67-b4d3-4e0c-8d22-1c3060a9c881
355,W06000003,Conwy,283293,362563,-3.74646,53.14739,1130179030.87906,283263.119395945,a008f143-eab2-4ed5-8599-78da332cd5c5
356,W06000004,Denbighshire,309843,355416,-3.34761,53.08833,838716213.358932,228749.239059247,39305385-d922-4df7-8307-7561068ec646
357,W06000005,Flintshire,321134,369280,-3.18248,53.21471,439830286.385391,239003.212626092,83c37d9c-9717-4693-86e6-9133d2c33b75
358,W06000006,Wrexham,333523,345387,-2.99203,53.00167,503773535.230103,190023.448114477,d09cdc76-47d0-4f39-bcd4-a9be4224f049
359,W06000008,Ceredigion,267127,268437,-3.94993,52.29795,1788379261.89556,382131.522913247,ea6cd109-b63f-4be9-9327-746c09cc04d4
360,W06000009,Pembrokeshire,199821,221392,-4.90818,51.85513,1618344480.35981,743250.249529533,af8bedf0-b9d7-4022-9aa5-02cd3953d438
361,W06000010,Carmarthenshire,247954,224133,-4.2111,51.89495,2371104028.24967,591756.508359416,3d47bfba-4417-4e75-80f7-bb73689e50c7
362,W06000011,Swansea,264022,197308,-3.96723,51.65806,377614544.98658,270825.582117602,a37d3b0b-b3c2-420c-9c7f-31f03c9c2325
363,W06000012,Neath Port Talbot,279261,195412,-3.74638,51.6445,442272629.118,182182.731934738,2cb1c088-0dc8-4864-8e1a-8fb3f34f9131
364,W06000013,Bridgend,288231,185870,-3.61375,51.5606,250785314.083366,93180.2520200993,06064f4f-a321-4854-a4df-5e43e6beff1f
365,W06000014,Vale of Glamorgan,302947,173080,-3.39801,51.44836,331261382.621326,108400.387481918,00c0793e-376a-4e52-8664-4ab5f4ab4362
366,W06000015,Cardiff,315272,178887,-3.22209,51.50254,142303613.187145,79616.4688690008,ca4e1f9c-ed4e-4d23-924d-271e671996f8
367,W06000016,Rhondda Cynon Taf,302237,192395,-3.41359,51.62185,424150476.006226,130225.273793906,cdaedf1f-4c24-46e0-94d5-62ac6f36ac03
368,W06000018,Caerphilly,317245,195259,-3.19753,51.65001,277387807.112293,116195.727849562,1e852166-55c8-4ee1-ab4d-ded74e330c62
369,W06000019,Blaenau Gwent,318236,206771,-3.18592,51.75364,108728046.067421,65601.5677696128,ddfbecd0-e047-4d58-bfba-6f990d640453
370,W06000020,Torfaen,327459,200480,-3.05101,51.69836,126239929.82222,82540.0392973317,4c15b463-50a7-40fc-be22-cb8d87f13676
371,W06000021,Monmouthshire,337812,209231,-2.9028,51.77827,850327720.788227,224909.141029611,da9ee7cb-6bd5-4433-b523-328d63ad9d85
372,W06000022,Newport,337897,187432,-2.89769,51.58231,190431147.336025,153213.179655943,1644b498-d90a-4278-bbb9-cdc5abb16f38
373,W06000023,Powys,302329,273255,-3.43531,52.34864,5195311063.63076,610076.853820174,ef91be77-120b-4675-b78a-46ffd3597ebc
374,W06000024,Merthyr Tydfil,305916,206424,-3.36425,51.74858,111956970.938263,66689.0810594782,541ed7a0-beac-4b05-9b7c-31b9fdae3d02
