"Bid price",1,"","","","","","","",""
"Electricity CPI","Style[-0.5545454545454546, RGBColor[0.7275025454545455, 0.7240238181818182, 0.2856570909090909], FontWeight -> Plain]",1,"","","","","","",""
"Percentage renewables","Style[-0.4818181818181818, RGBColor[0.586962, 0.6518552727272726, 0.2602094545454545], FontWeight -> Plain]","Style[0.9454545454545454, RGBColor[0.72987, 0.239399, 0.230961], Underlined]",1,"","","","","",""
"Average temperature","Style[-0.5272727272727272, RGBColor[0.6761842727272727, 0.698662909090909, 0.2749765454545454], FontWeight -> Plain]","Style[0.8090909090909091, RGBColor[0.8052672727272727, 0.4933035454545456, 0.29686827272727273], Underlined]","Style[0.8454545454545455, RGBColor[0.7751083636363636, 0.3917417272727274, 0.2705053636363636], Underlined]",1,"","","","",""
"Real GDP","Style[-0.5727272727272728, RGBColor[0.7617147272727274, 0.7409310909090909, 0.29277745454545456], FontWeight -> Plain]","Style[0.8272727272727273, RGBColor[0.7901878181818182, 0.4425226363636365, 0.2836868181818182], Underlined]","Style[0.8909090909090909, RGBColor[0.7374097272727274, 0.2647894545454547, 0.23755172727272733], Underlined]","Style[0.6818181818181818, RGBColor[0.8660855454545454, 0.7374535454545454, 0.32263454545454545], Underlined]",1,"","","",""
"Population growth","Style[0.5545454545454546, RGBColor[0.7275025454545455, 0.7240238181818182, 0.2856570909090909], FontWeight -> Plain]","Style[-0.8909090909090909, RGBColor[0.7374097272727274, 0.2647894545454547, 0.23755172727272733], Underlined]","Style[-0.8909090909090909, RGBColor[0.7374097272727274, 0.2647894545454547, 0.23755172727272733], Underlined]","Style[-0.7454545454545454, RGBColor[0.8482986363636363, 0.6345218181818183, 0.3162428181818182], Underlined]","Style[-0.7454545454545454, RGBColor[0.8482986363636363, 0.6345218181818183, 0.3162428181818182], Underlined]",1,"","",""
"Gas demand","Style[0.5454545454545454, RGBColor[0.7103964545454545, 0.7155701818181818, 0.28209690909090906], FontWeight -> Plain]","Style[-0.6, RGBColor[0.813033, 0.766292, 0.303458], FontWeight -> Plain]","Style[-0.4636363636363636, RGBColor[0.5490579999999999, 0.6304085454545454, 0.25612290909090907], FontWeight -> Plain]","Style[-0.6545454545454545, RGBColor[0.8484013636363636, 0.7470663636363636, 0.31624236363636365], Underlined]","Style[-0.42727272727272725, RGBColor[0.4732499999999999, 0.5875150909090908, 0.24794981818181816], FontWeight -> Plain]","Style[0.5181818181818182, RGBColor[0.6590781818181819, 0.6902092727272727, 0.2714163636363636], FontWeight -> Plain]",1,"",""
"Number new builds","Style[-0.6, RGBColor[0.813033, 0.766292, 0.303458], FontWeight -> Plain]","Style[0.9545454545454545, RGBColor[0.72987, 0.239399, 0.230961], Underlined]","Style[0.9545454545454545, RGBColor[0.72987, 0.239399, 0.230961], Underlined]","Style[0.8090909090909091, RGBColor[0.8052672727272727, 0.4933035454545456, 0.29686827272727273], Underlined]","Style[0.8090909090909091, RGBColor[0.8052672727272727, 0.4933035454545456, 0.29686827272727273], Underlined]","Style[-0.9363636363636363, RGBColor[0.72987, 0.239399, 0.230961], Underlined]","Style[-0.5636363636363636, RGBColor[0.7446086363636364, 0.7324774545454545, 0.2892172727272727], FontWeight -> Plain]",1,""
"Housing efficiency","Style[-0.25243568730228344, RGBColor[0.27860570727402956, 0.4514158272466944, 0.3253912628375116], FontWeight -> Plain]","Style[0.6404386881557932, RGBColor[0.8392542541739795, 0.7520385755857275, 0.31293601972995483], Underlined]","Style[0.6497881580558778, RGBColor[0.8453166374465922, 0.7487431679300447, 0.3151273484851366], Underlined]","Style[0.38800300085350975, RGBColor[0.40140674881624705, 0.5459663459172313, 0.24537003201743796], FontWeight -> Plain]","Style[0.49084716975444004, RGBColor[0.6057849117304762, 0.6625055960272448, 0.26223880987400794], FontWeight -> Plain]","Style[-0.8274280861574846, RGBColor[0.7900589681835669, 0.4420887267664534, 0.2835741860975468], Underlined]","Style[-0.1589409883014377, RGBColor[0.26000130207959693, 0.3909441835697963, 0.4560351483578762], FontWeight -> Plain]","Style[0.7152344473564698, RGBColor[0.8679622497940922, 0.6986944986940627, 0.3233255025730642], Underlined]",1
"","Bid price","Electricity CPI","Percentage renewables","Average temperature","Real GDP","Population growth","Gas demand","Number new builds","Housing efficiency"
